旅客列车梯形密度表（ 日均 ）,,,,,,,,,,,,,,,,,,,,,,,,,,,,,,,,,,,,,
  始发日期： 20150108—20150108,,,,,,,,,,,,,,,,,,,,,,,,,,,,,,,,,,,,,
K11 ZD074—ZD190-02 开行 1 天 日均定员： 1171 客座率： 81.0 %,,,,,,,,,,,,,,,,,,,,,,,,,,,,,,,,,,,,,
上车站,,ZD074,ZD219,ZD054,ZD036,ZD313,ZD064,ZD222,ZD023,ZD139,ZD244,ZD215,ZD280,ZD032,ZD066,ZD125,ZD092,ZD205,ZD235,ZD240,ZD134,ZD020,ZD017,ZD304,ZD293,ZD111-02,ZD326,ZD250,下车人数合计,,,,,,,,
下车站,开/到点,13:00,13:41,14:37,15:22,16:30,17:10,17:51,18:26,18:48,19:12,20:15,21:28,22:14,22:45,23:34,00:16,01:50,03:56,05:33,06:15,07:01,07:27,09:09,09:26,10:13,11:51,13:20,,,,,,,,,
ZD074,13:00, ,,,,,,,,,,,,,,,,,,,,,,,,,,, ,,,,,,,,
ZD219,13:39,98, ,,,,,,,,,,,,,,,,,,,,,,,,,,98,,,,,,,,
ZD054,14:34,56,9, ,,,,,,,,,,,,,,,,,,,,,,,,,65,,,,,,,,
ZD036,15:19,12,6,14, ,,,,,,,,,,,,,,,,,,,,,,,,32,,,,,,,,
ZD313,16:19,129,17,90,56, ,,,,,,,,,,,,,,,,,,,,,,,292,,,,,,,,
ZD064,17:08,10,7,1,,68, ,,,,,,,,,,,,,,,,,,,,,,86,,,,,,,,
ZD222,17:49,11,3,,2,102,3, ,,,,,,,,,,,,,,,,,,,,,121,,,,,,,,
ZD023,18:24,1,,,,4,,1,,,,,,,,,,,,,,,,,,,,,6,,,,,,,,
ZD139,18:46,2,1,,,7,,5,2, ,,,,,,,,,,,,,,,,,,,17,,,,,,,,
ZD244,19:10,2,,2,,5,2,4,14,1, ,,,,,,,,,,,,,,,,,,30,,,,,,,,
ZD215,20:02,43,6,2,1,34,4,34,27,30,25, ,,,,,,,,,,,,,,,,,206,,,,,,,,
ZD280,21:26,9,,1,6,9,1,1,1,,1,9, ,,,,,,,,,,,,,,,,38,,,,,,,,
ZD032,22:11,4,,,,5,,,1,4,,9,, ,,,,,,,,,,,,,,,23,,,,,,,,
ZD066,22:42,4,,,,1,1,,,,,3,,1, ,,,,,,,,,,,,,,10,,,,,,,,
ZD125,23:28,1,2,1,,,,1,,2,1,30,,1,2, ,,,,,,,,,,,,,41,,,,,,,,
ZD092,00:07,5,2,3,,1,1,,1,1,,16,,,,, ,,,,,,,,,,,,30,,,,,,,,
ZD205,01:44,,,,,1,,,3,,,,,,,,, ,,,,,,,,,,,4,,,,,,,,
ZD235,03:53,,,,,2,,,,,,,1,,,1,,, ,,,,,,,,,,4,,,,,,,,
ZD240,05:26,25,3,16,,26,,6,1,2,,17,,2,2,12,4,,11, ,,,,,,,,,127,,,,,,,,
ZD134,06:13,15,3,,,8,,2,,,,5,,2,5,,1,,,1, ,,,,,,,,42,,,,,,,,
ZD020,06:58,23,,,,8,,3,1,,1,2,,2,1,3,2,2,4,7,4, ,,,,,,,63,,,,,,,,
ZD017,07:25,4,,,,1,,,,,,3,,,,1,,,2,5,1,2, ,,,,,,19,,,,,,,,
ZD304,09:07,5,,,,4,,1,,,,8,,,,4,,,,1,,,, ,,,,,23,,,,,,,,
ZD293,09:23,,,,,,,,,,,,,,,1,,,,,,,,2,,,,,3,,,,,,,,
ZD111-02,10:05,63,5,5,,16,1,1,,,2,21,1,1,,1,1,2,,2,,,8,8,, ,,,138,,,,,,,,
ZD326,11:48,88,,,2,10,,2,,1,1,16,3,1,6,5,1,,2,1,,2,1,1,7,7, ,,157,,,,,,,,
ZD250,13:17,182,3,3,4,17,3,5,,2,2,17,,1,1,6,6,,1,1,1,,6,4,1,4,15, ,285,,,,,,,,
ZD190-02,15:06,223,1,4,3,30,5,6,,,2,9,,,1,7,11,14,9,4,2,2,,1,1,7,14,9,365,,,,,,,,
上车人数合计,,1015,68,142,74,359,21,72,51,43,35,165,5,11,18,41,26,18,29,22,8,6,15,16,9,18,29,9,2325,,,,,,,,
G01 ZD075—ZD190-02 开行 1 天 日均定员： 1102 客座率： 46.5 %,,,,,,,,,,,,,,,,,,,,,,,,,,,,,,,,,,,,,
上车站,,ZD075,ZD220,ZD037,ZD314,ZD223,ZD245,ZD215,ZD227,ZD189,ZD159,ZD235,ZD014,ZD240,ZD242,ZD021,ZD111-03,ZD111-01,ZD326,ZD192,ZD250,下车人数合计,,,,,,,,,,,,,,,
下车站,开/到点,08:05,08:22,08:51,09:17,09:51,10:26,10:48,12:40,13:18,13:46,14:06,14:29,14:48,15:05,15:40,16:27,16:47,17:30,17:50,18:12,,,,,,,,,,,,,,,,
ZD075,08:05, ,,,,,,,,,,,,,,,,,,,, ,,,,,,,,,,,,,,,
ZD220,08:20,16, ,,,,,,,,,,,,,,,,,,,16,,,,,,,,,,,,,,,
ZD037,08:49,5,, ,,,,,,,,,,,,,,,,,,5,,,,,,,,,,,,,,,
ZD314,09:15,46,3,12, ,,,,,,,,,,,,,,,,,61,,,,,,,,,,,,,,,
ZD223,09:43,17,,4,38, ,,,,,,,,,,,,,,,,59,,,,,,,,,,,,,,,
ZD245,10:24,,,,1,3, ,,,,,,,,,,,,,,,4,,,,,,,,,,,,,,,
ZD215,10:45,31,6,2,20,13,13, ,,,,,,,,,,,,,,85,,,,,,,,,,,,,,,
ZD227,12:39,17,,1,2,,,105, ,,,,,,,,,,,,,125,,,,,,,,,,,,,,,
ZD189,13:16,14,,3,10,4,2,24,4, ,,,,,,,,,,,,61,,,,,,,,,,,,,,,
ZD159,13:44,12,,,2,,,13,,3, ,,,,,,,,,,,30,,,,,,,,,,,,,,,
ZD235,14:04,16,,,4,2,2,15,,31,26, ,,,,,,,,,,96,,,,,,,,,,,,,,,
ZD014,14:27,7,,,5,,,12,,13,,2, ,,,,,,,,,39,,,,,,,,,,,,,,,
ZD240,14:45,37,6,,10,3,2,34,2,39,22,95,6, ,,,,,,,,256,,,,,,,,,,,,,,,
ZD242,14:56,2,,,,,,4,,,5,11,,1,,,,,,,,23,,,,,,,,,,,,,,,
ZD021,15:36,7,1,,2,,1,12,,31,10,37,,41,13, ,,,,,,155,,,,,,,,,,,,,,,
ZD111-03,16:26,4,,,3,,,4,,1,4,4,10,5,2,2, ,,,,,39,,,,,,,,,,,,,,,
ZD111-01,16:43,20,,,9,3,,21,,9,6,22,8,40,7,12,12, ,,,,169,,,,,,,,,,,,,,,
ZD326,17:29,16,,,3,1,4,12,,12,,21,,27,7,6,11,21, ,,,141,,,,,,,,,,,,,,,
ZD192,17:49,1,,,1,,,13,,2,,5,2,,,2,3,46,7, ,,82,,,,,,,,,,,,,,,
ZD250,18:11,24,,1,3,4,,20,1,8,9,17,1,22,2,7,4,26,6,28, ,183,,,,,,,,,,,,,,,
ZD190-02,19:09,28,,,1,,1,8,5,9,5,25,3,51,10,18,16,56,16,27,14,293,,,,,,,,,,,,,,,
上车人数合计,,320,16,23,114,33,25,297,12,158,87,239,30,187,41,47,46,149,29,55,14,1922,,,,,,,,,,,,,,,
K17 ZD333—ZD190-02 开行 1 天 日均定员： 1266 客座率： 55.0 %,,,,,,,,,,,,,,,,,,,,,,,,,,,,,,,,,,,,,
上车站,,ZD333,ZD363,ZD356,ZD366,ZD336,ZD347,ZD351,ZD329,ZD214,ZD280,ZD032,ZD125,ZD284,ZD205,ZD235,ZD240,ZD020,ZD039,ZD182,ZD293,ZD111-02,ZD326,ZD250,下车人数合计,,,,,,,,,,,,
下车站,开/到点,16:23,16:44,16:56,17:11,17:30,18:10,18:47,19:41,21:09,22:00,22:46,23:59,00:51,02:12,04:19,05:56,07:17,08:36,09:01,09:37,11:05,12:32,13:46,,,,,,,,,,,,,
ZD333,, ,,,,,,,,,,,,,,,,,,,,,,, ,,,,,,,,,,,,
ZD363,16:41,2, ,,,,,,,,,,,,,,,,,,,,,,2,,,,,,,,,,,,
ZD336,17:25,23,,,, ,,,,,,,,,,,,,,,,,,,23,,,,,,,,,,,,
ZD347,18:02,2,,,,, ,,,,,,,,,,,,,,,,,,2,,,,,,,,,,,,
ZD351,18:36,,,,,,, ,,,,,,,,,,,,,,,,, ,,,,,,,,,,,,
ZD329,19:35,10,2,3,,4,,11, ,,,,,,,,,,,,,,,,30,,,,,,,,,,,,
ZD214,20:42,21,,,1,10,,2,21, ,,,,,,,,,,,,,,,55,,,,,,,,,,,,
ZD280,21:58,7,,,,2,,,,41, ,,,,,,,,,,,,,,50,,,,,,,,,,,,
ZD032,22:44,6,,,,2,,,,6,, ,,,,,,,,,,,,,14,,,,,,,,,,,,
ZD125,23:56,12,,,,4,,,8,14,,3, ,,,,,,,,,,,,41,,,,,,,,,,,,
ZD284,00:48,6,,,,,,,1,6,,,1, ,,,,,,,,,,,14,,,,,,,,,,,,
ZD205,02:06,1,,,,3,,,1,,,,1,1, ,,,,,,,,,,7,,,,,,,,,,,,
ZD235,04:15,8,,,,,,,,18,,,1,2,, ,,,,,,,,,29,,,,,,,,,,,,
ZD240,05:47,32,1,,,3,,,16,344,4,1,30,11,,5, ,,,,,,,,447,,,,,,,,,,,,
ZD020,07:14,13,,,,1,,,12,63,,1,3,1,,2,3, ,,,,,,,99,,,,,,,,,,,,
ZD039,08:33,9,,,,4,,,7,64,3,,8,6,,4,6,1, ,,,,,,112,,,,,,,,,,,,
ZD182,08:59,,,,,3,,,,7,,,,,,,1,,1, ,,,,,12,,,,,,,,,,,,
ZD293,09:35,1,,,,,,,,2,,,,,,,,,1,, ,,,,4,,,,,,,,,,,,
ZD111-02,10:35,15,,2,,1,,,7,82,9,,4,5,4,5,2,,12,17,, ,,,165,,,,,,,,,,,,
ZD326,12:28,14,,,,,,,7,59,,1,3,,,1,,,3,4,1,9, ,,102,,,,,,,,,,,,
ZD250,13:28,12,,,,1,,,7,98,3,,11,1,3,3,1,,5,10,,32,11, ,198,,,,,,,,,,,,
ZD190-02,15:58,14,,,,,,,10,47,,3,26,4,9,6,5,,5,1,,26,8,4,168,,,,,,,,,,,,
上车人数合计,,208,3,5,1,38, ,13,97,851,19,9,88,31,16,26,18,1,27,32,1,67,19,4,1574,,,,,,,,,,,,
K18 ZD246—ZD190-02 开行 1 天 日均定员： 1200 客座率： 66.0 %,,,,,,,,,,,,,,,,,,,,,,,,,,,,,,,,,,,,,
上车站,,ZD246,ZD202,ZD153,ZD165,ZD204,ZD193,ZD057,ZD214,ZD125,ZD205,ZD235,ZD236,ZD240,ZD191,ZD020,ZD017,ZD258,ZD039,ZD304,ZD111-02,ZD311,ZD326,ZD250,ZD062,下车人数合计,,,,,,,,,,,
下车站,开/到点,15:33,16:33,17:19,18:15,18:39,19:30,20:58,22:09,00:49,02:55,04:56,05:47,06:35,07:41,08:04,08:31,09:12,09:42,10:54,11:56,12:45,13:14,15:06,16:00,,,,,,,,,,,,
ZD246,, ,,,,,,,,,,,,,,,,,,,,,,,, ,,,,,,,,,,,
ZD202,16:31,7, ,,,,,,,,,,,,,,,,,,,,,,,7,,,,,,,,,,,
ZD153,17:17,5,, ,,,,,,,,,,,,,,,,,,,,,,5,,,,,,,,,,,
ZD165,17:52,14,2,7, ,,,,,,,,,,,,,,,,,,,,,23,,,,,,,,,,,
ZD204,18:37,3,,,1, ,,,,,,,,,,,,,,,,,,,,4,,,,,,,,,,,
ZD193,19:28,5,,,8,1, ,,,,,,,,,,,,,,,,,,,14,,,,,,,,,,,
ZD057,20:56,1,,1,,1,6, ,,,,,,,,,,,,,,,,,,9,,,,,,,,,,,
ZD214,21:54,22,3,16,18,6,17,7, ,,,,,,,,,,,,,,,,,89,,,,,,,,,,,
ZD125,00:43,17,,4,8,,3,11,3, ,,,,,,,,,,,,,,,,46,,,,,,,,,,,
ZD205,02:47,7,,,1,,,,,, ,,,,,,,,,,,,,,,8,,,,,,,,,,,
ZD235,04:52,22,,6,20,2,2,7,5,1,, ,,,,,,,,,,,,,,65,,,,,,,,,,,
ZD236,05:45,20,,5,6,1,,10,6,2,,, ,,,,,,,,,,,,,50,,,,,,,,,,,
ZD240,06:27,99,,16,62,8,12,101,48,12,1,12,8, ,,,,,,,,,,,,379,,,,,,,,,,,
ZD191,07:39,,,,2,,,2,4,,,1,1,1, ,,,,,,,,,,,11,,,,,,,,,,,
ZD020,08:01,18,1,3,19,,6,15,6,2,,11,8,1,1, ,,,,,,,,,,91,,,,,,,,,,,
ZD017,08:28,1,,,2,,2,2,3,,,1,4,3,2,1, ,,,,,,,,,21,,,,,,,,,,,
ZD258,09:09,,,,2,,,,,,,1,2,,,5,, ,,,,,,,,10,,,,,,,,,,,
ZD039,09:38,26,,6,16,1,,7,8,,,4,5,,5,,,1, ,,,,,,,79,,,,,,,,,,,
ZD304,10:51,1,,,,,,,1,,,,,1,,,,,7, ,,,,,,10,,,,,,,,,,,
ZD111-02,11:48,82,,6,25,,5,14,12,1,,7,1,8,,5,12,3,61,6, ,,,,,248,,,,,,,,,,,
ZD311,12:27,,,,,,,1,2,,,1,,1,1,,,,8,1,8, ,,,,23,,,,,,,,,,,
ZD326,13:11,21,2,,14,,2,10,,3,,4,,5,,6,3,1,23,7,12,12, ,,,125,,,,,,,,,,,
ZD250,15:04,42,,4,20,,2,5,6,,,3,2,6,1,2,8,3,13,7,16,12,6, ,,158,,,,,,,,,,,
ZD062,15:50,5,,7,,,,,5,1,,,1,3,,,1,,4,4,14,1,8,79, ,133,,,,,,,,,,,
ZD190-02,16:50,57,2,10,32,,7,6,2,2,4,4,4,27,,2,5,1,18,12,15,29,10,20,13,282,,,,,,,,,,,
上车人数合计,,475,10,91,256,20,64,198,111,24,5,49,36,56,10,21,29,9,134,37,65,54,24,99,13,1890,,,,,,,,,,,
K02 ZD291—ZD190-02 开行 1 天 日均定员： 1061 客座率： 81.6 %,,,,,,,,,,,,,,,,,,,,,,,,,,,,,,,,,,,,,
上车站,,ZD291,ZD003,ZD033,ZD049,ZD101,ZD104,ZD122,ZD109,ZD136,ZD313,ZD064,ZD222,ZD023,ZD139,ZD244,ZD215,ZD280,ZD032,ZD066,ZD125,ZD092,ZD284,ZD205,ZD235,ZD236,ZD240,ZD134,ZD020,ZD047,ZD039,ZD304,ZD111-02,ZD326,ZD250,ZD121,下车人数合计
下车站,开/到点,07:31,08:39,09:29,10:07,10:57,11:29,12:14,14:17,15:19,16:21,17:01,17:42,18:17,18:39,19:03,20:00,21:07,21:56,22:27,23:16,23:51,00:09,01:42,03:43,04:34,05:22,06:04,06:50,07:27,08:14,08:59,10:06,11:11,13:09,14:19,
ZD291,, ,,,,,,,,,,,,,,,,,,,,,,,,,,,,,,,,,,, 
ZD003,08:32,42, ,,,,,,,,,,,,,,,,,,,,,,,,,,,,,,,,,,42
ZD033,09:27,16,7, ,,,,,,,,,,,,,,,,,,,,,,,,,,,,,,,,,23
ZD049,10:01,25,29,, ,,,,,,,,,,,,,,,,,,,,,,,,,,,,,,,,54
ZD101,10:50,1,,,, ,,,,,,,,,,,,,,,,,,,,,,,,,,,,,,,1
ZD104,11:25,1,,,1,2, ,,,,,,,,,,,,,,,,,,,,,,,,,,,,,,4
ZD122,12:10,1,5,3,22,,2, ,,,,,,,,,,,,,,,,,,,,,,,,,,,,,33
ZD109,14:03,25,6,4,19,,,37, ,,,,,,,,,,,,,,,,,,,,,,,,,,,,91
ZD136,15:14,2,1,4,,2,,1,34, ,,,,,,,,,,,,,,,,,,,,,,,,,,,44
ZD313,15:57,57,5,6,41,4,1,29,20,63, ,,,,,,,,,,,,,,,,,,,,,,,,,,226
ZD064,16:59,9,,,3,,,,15,4,83, ,,,,,,,,,,,,,,,,,,,,,,,,,114
ZD222,17:40,5,,,4,,2,,7,5,72,18, ,,,,,,,,,,,,,,,,,,,,,,,,113
ZD023,18:15,1,,,1,,,,2,,,,36, ,,,,,,,,,,,,,,,,,,,,,,,40
ZD139,18:37,7,,,1,1,,,3,,,1,7,6, ,,,,,,,,,,,,,,,,,,,,,,26
ZD244,19:01,1,1,,3,,,,2,,4,2,9,10,9, ,,,,,,,,,,,,,,,,,,,,,41
ZD215,19:52,2,,,8,,1,9,6,12,22,9,9,8,49,64, ,,,,,,,,,,,,,,,,,,,,199
ZD280,21:05,,,,,,,,2,3,3,,,,1,,16, ,,,,,,,,,,,,,,,,,,,25
ZD032,21:53,,,,1,,,,7,,,,,,2,,17,, ,,,,,,,,,,,,,,,,,,27
ZD066,22:24,4,,,,,,,5,,2,,,1,,,5,,, ,,,,,,,,,,,,,,,,,17
ZD125,23:10,8,,,2,,,,4,,2,,1,,,,14,,1,2, ,,,,,,,,,,,,,,,,34
ZD092,23:49,3,,,,,,,1,,,,,,1,,11,,,,10, ,,,,,,,,,,,,,,,26
ZD284,00:07,1,,,,,,2,,1,3,,,,,,3,,,,3,, ,,,,,,,,,,,,,,13
ZD205,01:24,,,,,,,,1,3,,,,1,,,,,,,,3,1, ,,,,,,,,,,,,,9
ZD235,03:39,,,,,,,,1,,,,,,,,,1,,,,,1,, ,,,,,,,,,,,,3
ZD236,04:31,1,,1,,,,,3,,,,,,,,1,1,1,2,1,,1,4,, ,,,,,,,,,,,16
ZD240,05:16,14,,,4,,,,12,5,31,,2,1,1,2,5,11,1,,8,3,2,,8,4, ,,,,,,,,,,114
ZD134,06:02,1,,,,,,,,,,,1,,,2,4,,,,,,,,,1,7, ,,,,,,,,,16
ZD020,06:47,5,,,1,,,1,17,,19,,,3,,,8,,,1,3,,,,1,3,8,2, ,,,,,,,,72
ZD047,07:25,1,,,,,,2,,,9,,2,,,1,5,,,,10,,,1,4,,7,,13, ,,,,,,,55
ZD039,08:12,13,,,2,,,2,30,1,65,3,5,,,2,9,,,1,5,4,,,5,3,6,8,6,9, ,,,,,,179
ZD304,08:57,1,,,1,,,,2,,10,,2,,,,1,1,1,,,,,,,3,8,,,,15, ,,,,,45
ZD111-02,09:49,103,2,1,1,,,5,41,,69,1,2,1,3,1,11,,1,1,4,,1,1,,5,2,1,2,2,45,18, ,,,,324
ZD326,11:08,9,,,1,,,1,23,2,37,1,3,1,2,4,3,,,2,7,2,,,,1,1,1,3,,21,12,30, ,,,167
ZD250,13:06,34,1,,2,,,6,53,,65,3,10,,2,,6,,,,3,1,1,,1,2,,1,1,3,9,8,28,13, ,,253
ZD121,14:08,,,,1,,,,1,,5,,,,,,2,,,,2,,,,,,1,1,1,,,2,12,5,9, ,42
ZD190-02,14:54,31,2,,7,,,7,20,3,40,2,4,,,1,13,4,,1,5,2,,4,4,3,17,1,2,2,25,13,41,18,29,16,317
上车人数合计,,424,59,19,126,9,6,102,312,102,541,40,93,32,70,77,134,18,5,10,61,15,7,10,23,25,57,15,28,16,115,53,111,36,38,16,2805
G02 ZD215—ZD190-02 开行 1 天 日均定员： 556 客座率： 67.2 %,,,,,,,,,,,,,,,,,,,,,,,,,,,,,,,,,,,,,
上车站,,ZD215,ZD179,ZD093,ZD205,ZD011,ZD159,ZD235,ZD014,ZD240,ZD242,ZD040,ZD111-03,ZD111-01,ZD326,ZD192,ZD250,下车人数合计,,,,,,,,,,,,,,,,,,,
下车站,开/到点,13:53,14:50,15:28,16:13,16:42,17:02,17:22,17:45,18:03,18:15,19:22,19:48,20:06,20:51,21:11,21:35,,,,,,,,,,,,,,,,,,,,
ZD215,, ,,,,,,,,,,,,,,,, ,,,,,,,,,,,,,,,,,,,
ZD179,14:49,24, ,,,,,,,,,,,,,,,24,,,,,,,,,,,,,,,,,,,
ZD093,15:27,140,2, ,,,,,,,,,,,,,,142,,,,,,,,,,,,,,,,,,,
ZD205,16:11,10,,, ,,,,,,,,,,,,,10,,,,,,,,,,,,,,,,,,,
ZD011,16:40,5,,,, ,,,,,,,,,,,,5,,,,,,,,,,,,,,,,,,,
ZD159,17:00,17,,1,,, ,,,,,,,,,,,18,,,,,,,,,,,,,,,,,,,
ZD235,17:20,69,2,7,2,16,10, ,,,,,,,,,,106,,,,,,,,,,,,,,,,,,,
ZD014,17:43,13,,6,2,1,2,14, ,,,,,,,,,38,,,,,,,,,,,,,,,,,,,
ZD240,18:01,125,,18,2,11,7,112,7, ,,,,,,,,282,,,,,,,,,,,,,,,,,,,
ZD242,18:11,4,,,,,1,7,3,1, ,,,,,,,16,,,,,,,,,,,,,,,,,,,
ZD040,19:15,12,2,,,,3,4,4,9,1, ,,,,,,35,,,,,,,,,,,,,,,,,,,
ZD111-03,19:46,7,1,,,2,,4,1,4,2,12, ,,,,,33,,,,,,,,,,,,,,,,,,,
ZD111-01,20:04,18,,,,,5,16,7,24,4,12,4, ,,,,90,,,,,,,,,,,,,,,,,,,
ZD326,20:49,21,3,6,4,1,1,6,,13,3,2,22,14, ,,,96,,,,,,,,,,,,,,,,,,,
ZD192,21:09,5,1,2,,,,3,,,,1,,9,1, ,,22,,,,,,,,,,,,,,,,,,,
ZD250,21:33,19,6,8,1,,1,6,2,15,2,2,21,16,5,2, ,106,,,,,,,,,,,,,,,,,,,
ZD190-02,22:32,15,1,11,2,3,2,8,4,25,5,10,6,32,4,2,5,135,,,,,,,,,,,,,,,,,,,
上车人数合计,,504,18,59,13,34,32,180,28,91,17,39,53,71,10,4,5,1158,,,,,,,,,,,,,,,,,,,
G03 ZD313—ZD190-02 开行 1 天 日均定员： 551 客座率： 83.1 %,,,,,,,,,,,,,,,,,,,,,,,,,,,,,,,,,,,,,
上车站,,ZD313,ZD223,ZD331,ZD140,ZD215,ZD149,ZD126,ZD205,ZD189,ZD235,ZD015,ZD240,ZD242,ZD021,ZD040,ZD111-03,ZD111-01,ZD326,ZD192,ZD250,下车人数合计,,,,,,,,,,,,,,,
下车站,开/到点,10:23,10:59,11:07,11:22,11:59,12:29,13:21,14:15,14:31,15:11,15:30,15:53,16:09,16:41,17:10,17:40,18:00,18:43,19:03,19:25,,,,,,,,,,,,,,,,
ZD313,, ,,,,,,,,,,,,,,,,,,,, ,,,,,,,,,,,,,,,
ZD223,10:57,42, ,,,,,,,,,,,,,,,,,,,42,,,,,,,,,,,,,,,
ZD331,11:05,8,1, ,,,,,,,,,,,,,,,,,,9,,,,,,,,,,,,,,,
ZD140,11:20,7,1,2,,,,,,,,,,,,,,,,,,10,,,,,,,,,,,,,,,
ZD215,11:56,64,11,9,41, ,,,,,,,,,,,,,,,,125,,,,,,,,,,,,,,,
ZD149,12:28,4,3,2,,39, ,,,,,,,,,,,,,,,48,,,,,,,,,,,,,,,
ZD126,13:20,19,3,,6,15,12, ,,,,,,,,,,,,,,55,,,,,,,,,,,,,,,
ZD205,14:13,1,1,,3,4,,1, ,,,,,,,,,,,,,10,,,,,,,,,,,,,,,
ZD189,14:29,23,3,,,4,2,4,, ,,,,,,,,,,,,36,,,,,,,,,,,,,,,
ZD235,15:09,27,1,,3,11,8,4,,25, ,,,,,,,,,,,79,,,,,,,,,,,,,,,
ZD015,15:28,4,,,1,1,,2,,4,1, ,,,,,,,,,,13,,,,,,,,,,,,,,,
ZD240,15:50,94,2,,3,16,5,4,5,37,35,2, ,,,,,,,,,203,,,,,,,,,,,,,,,
ZD242,16:01,3,,,,1,,,,1,1,,, ,,,,,,,,6,,,,,,,,,,,,,,,
ZD021,16:39,15,,,,1,,,,4,12,1,10,5, ,,,,,,,48,,,,,,,,,,,,,,,
ZD040,17:08,31,1,,2,5,,4,,1,8,5,25,2,1, ,,,,,,85,,,,,,,,,,,,,,,
ZD111-03,17:34,3,,,,2,,,,2,,,5,2,4,2, ,,,,,20,,,,,,,,,,,,,,,
ZD111-01,17:57,45,3,,,7,,7,,7,6,1,27,3,1,7,4, ,,,,118,,,,,,,,,,,,,,,
ZD326,18:42,27,,,,5,,1,,1,5,3,4,4,,4,6,66, ,,,126,,,,,,,,,,,,,,,
ZD192,19:02,9,,,,,,1,,2,3,,5,,,3,12,39,6, ,,80,,,,,,,,,,,,,,,
ZD250,19:24,32,,,,8,1,2,2,6,5,1,20,4,1,1,13,43,10,13, ,162,,,,,,,,,,,,,,,
ZD190-02,20:23,30,,,,3,,9,3,2,5,,25,3,3,18,9,47,15,9,17,198,,,,,,,,,,,,,,,
上车人数合计,,488,30,13,59,122,28,39,10,92,81,13,121,23,10,35,44,195,31,22,17,1473,,,,,,,,,,,,,,,
G04 ZD242—ZD190-01 开行 1 天 日均定员： 1005 客座率： 41.2 %,,,,,,,,,,,,,,,,,,,,,,,,,,,,,,,,,,,,,
上车站,,ZD242,ZD021,ZD040,ZD111-03,ZD111-01,ZD311,ZD326,ZD022,ZD250,下车人数合计,,,,,,,,,,,,,,,,,,,,,,,,,,
下车站,开/到点,10:51,11:23,11:51,12:22,12:41,13:07,13:32,14:06,14:18,,,,,,,,,,,,,,,,,,,,,,,,,,,
ZD242,, ,,,,,,,,, ,,,,,,,,,,,,,,,,,,,,,,,,,,
ZD021,11:21,12, ,,,,,,,,12,,,,,,,,,,,,,,,,,,,,,,,,,,
ZD040,11:49,6,4, ,,,,,,,10,,,,,,,,,,,,,,,,,,,,,,,,,,
ZD111-03,12:16,8,4,,,,,,,,12,,,,,,,,,,,,,,,,,,,,,,,,,,
ZD111-01,12:38,69,10,29,14, ,,,,,122,,,,,,,,,,,,,,,,,,,,,,,,,,
ZD311,13:05,13,3,5,10,36, ,,,,67,,,,,,,,,,,,,,,,,,,,,,,,,,
ZD326,13:30,23,5,10,11,37,9, ,,,95,,,,,,,,,,,,,,,,,,,,,,,,,,
ZD022,14:05,3,,2,,21,1,9, ,,36,,,,,,,,,,,,,,,,,,,,,,,,,,
ZD250,14:13,53,13,12,13,52,10,35,6, ,194,,,,,,,,,,,,,,,,,,,,,,,,,,
ZD190-01,15:32,85,25,37,18,72,45,34,12,63,391,,,,,,,,,,,,,,,,,,,,,,,,,,
上车人数合计,,272,64,95,66,218,65,78,18,63,939,,,,,,,,,,,,,,,,,,,,,,,,,,
G05 ZD242—ZD190-01 开行 1 天 日均定员： 556 客座率： 50.2 %,,,,,,,,,,,,,,,,,,,,,,,,,,,,,,,,,,,,,
上车站,,ZD242,ZD021,ZD111-03,ZD111-01,ZD326,ZD192,ZD250,下车人数合计,,,,,,,,,,,,,,,,,,,,,,,,,,,,
下车站,开/到点,13:52,14:24,15:28,15:47,16:31,16:52,17:15,,,,,,,,,,,,,,,,,,,,,,,,,,,,,
ZD242,, ,,,,,,, ,,,,,,,,,,,,,,,,,,,,,,,,,,,,
ZD021,14:22,42, ,,,,,,42,,,,,,,,,,,,,,,,,,,,,,,,,,,,
ZD111-03,15:09,2,7,,,,,,9,,,,,,,,,,,,,,,,,,,,,,,,,,,,
ZD111-01,15:45,40,20,9, ,,,,69,,,,,,,,,,,,,,,,,,,,,,,,,,,,
ZD326,16:29,37,3,20,44, ,,,104,,,,,,,,,,,,,,,,,,,,,,,,,,,,
ZD192,16:50,6,5,22,41,5, ,,79,,,,,,,,,,,,,,,,,,,,,,,,,,,,
ZD250,17:13,32,5,15,41,15,19, ,127,,,,,,,,,,,,,,,,,,,,,,,,,,,,
ZD190-01,18:34,93,3,14,42,20,8,23,203,,,,,,,,,,,,,,,,,,,,,,,,,,,,
上车人数合计,,252,43,80,168,40,27,23,633,,,,,,,,,,,,,,,,,,,,,,,,,,,,
G06 ZD013—ZD190-01 开行 1 天 日均定员： 1015 客座率： 82.4 %,,,,,,,,,,,,,,,,,,,,,,,,,,,,,,,,,,,,,
上车站,,ZD013,ZD241,ZD021,ZD111-03,ZD111-01,ZD326,ZD250,下车人数合计,,,,,,,,,,,,,,,,,,,,,,,,,,,,
下车站,开/到点,07:25,08:03,08:30,09:20,09:39,10:22,10:59,,,,,,,,,,,,,,,,,,,,,,,,,,,,,
ZD013,, ,,,,,,, ,,,,,,,,,,,,,,,,,,,,,,,,,,,,
ZD241,07:59,, ,,,,,, ,,,,,,,,,,,,,,,,,,,,,,,,,,,,
ZD021,08:28,56,22, ,,,,,78,,,,,,,,,,,,,,,,,,,,,,,,,,,,
ZD111-03,09:16,14,3,6, ,,,,23,,,,,,,,,,,,,,,,,,,,,,,,,,,,
ZD111-01,09:37,101,28,7,4, ,,,140,,,,,,,,,,,,,,,,,,,,,,,,,,,,
ZD326,10:21,108,15,4,4,35, ,,166,,,,,,,,,,,,,,,,,,,,,,,,,,,,
ZD250,10:58,186,15,6,6,62,31, ,306,,,,,,,,,,,,,,,,,,,,,,,,,,,,
ZD190-01,12:12,258,70,12,27,188,86,98,739,,,,,,,,,,,,,,,,,,,,,,,,,,,,
上车人数合计,,723,153,35,41,285,117,98,1452,,,,,,,,,,,,,,,,,,,,,,,,,,,,
G07 ZD013—ZD190-01 开行 1 天 日均定员： 1015 客座率： 75.4 %,,,,,,,,,,,,,,,,,,,,,,,,,,,,,,,,,,,,,
上车站,,ZD013,ZD241,ZD040,ZD111-03,ZD111-01,ZD326,ZD250,下车人数合计,,,,,,,,,,,,,,,,,,,,,,,,,,,,
下车站,开/到点,09:27,10:03,10:49,11:16,11:35,12:18,12:55,,,,,,,,,,,,,,,,,,,,,,,,,,,,,
ZD013,, ,,,,,,, ,,,,,,,,,,,,,,,,,,,,,,,,,,,,
ZD241,10:01,, ,,,,,, ,,,,,,,,,,,,,,,,,,,,,,,,,,,,
ZD040,10:47,27,7, ,,,,,34,,,,,,,,,,,,,,,,,,,,,,,,,,,,
ZD111-03,11:13,18,6,1, ,,,,25,,,,,,,,,,,,,,,,,,,,,,,,,,,,
ZD111-01,11:33,162,17,25,4, ,,,208,,,,,,,,,,,,,,,,,,,,,,,,,,,,
ZD326,12:17,89,22,15,16,77, ,,219,,,,,,,,,,,,,,,,,,,,,,,,,,,,
ZD250,12:54,128,17,12,12,56,16, ,241,,,,,,,,,,,,,,,,,,,,,,,,,,,,
ZD190-01,14:08,302,43,30,34,76,26,34,545,,,,,,,,,,,,,,,,,,,,,,,,,,,,
上车人数合计,,726,112,83,66,209,42,34,1272,,,,,,,,,,,,,,,,,,,,,,,,,,,,
G08 ZD013—ZD190-01 开行 1 天 日均定员： 1015 客座率： 81.6 %,,,,,,,,,,,,,,,,,,,,,,,,,,,,,,,,,,,,,
上车站,,ZD013,ZD241,ZD040,ZD111-03,ZD111-01,ZD326,ZD192,ZD250,下车人数合计,,,,,,,,,,,,,,,,,,,,,,,,,,,
下车站,开/到点,10:45,11:21,12:13,12:40,12:59,13:43,14:03,14:26,,,,,,,,,,,,,,,,,,,,,,,,,,,,
ZD013,, ,,,,,,,, ,,,,,,,,,,,,,,,,,,,,,,,,,,,
ZD241,11:19,, ,,,,,,, ,,,,,,,,,,,,,,,,,,,,,,,,,,,
ZD040,12:05,42,, ,,,,,,42,,,,,,,,,,,,,,,,,,,,,,,,,,,
ZD111-03,12:37,24,1,2, ,,,,,27,,,,,,,,,,,,,,,,,,,,,,,,,,,
ZD111-01,12:56,121,13,9,2, ,,,,145,,,,,,,,,,,,,,,,,,,,,,,,,,,
ZD326,13:41,123,16,2,5,29, ,,,175,,,,,,,,,,,,,,,,,,,,,,,,,,,
ZD192,14:02,97,10,13,10,77,20, ,,227,,,,,,,,,,,,,,,,,,,,,,,,,,,
ZD250,14:24,191,24,6,3,22,8,31, ,285,,,,,,,,,,,,,,,,,,,,,,,,,,,
ZD190-01,15:39,286,29,9,11,36,9,59,27,466,,,,,,,,,,,,,,,,,,,,,,,,,,,
上车人数合计,,884,93,41,31,164,37,90,27,1367,,,,,,,,,,,,,,,,,,,,,,,,,,,
G09 ZD013—ZD190-01 开行 1 天 日均定员： 1015 客座率： 76.6 %,,,,,,,,,,,,,,,,,,,,,,,,,,,,,,,,,,,,,
上车站,,ZD013,ZD144,ZD040,ZD111-03,ZD111-01,ZD326,ZD022,ZD250,ZD121,下车人数合计,,,,,,,,,,,,,,,,,,,,,,,,,,
下车站,开/到点,11:49,12:13,13:12,13:46,14:04,14:47,15:16,15:30,16:07,,,,,,,,,,,,,,,,,,,,,,,,,,,
ZD013,, ,,,,,,,,, ,,,,,,,,,,,,,,,,,,,,,,,,,,
ZD144,12:11,82, ,,,,,,,,82,,,,,,,,,,,,,,,,,,,,,,,,,,
ZD040,13:10,40,6, ,,,,,,,46,,,,,,,,,,,,,,,,,,,,,,,,,,
ZD111-03,13:36,54,1,4, ,,,,,,59,,,,,,,,,,,,,,,,,,,,,,,,,,
ZD111-01,14:02,149,9,16,9, ,,,,,183,,,,,,,,,,,,,,,,,,,,,,,,,,
ZD326,14:46,115,8,4,28,73, ,,,,228,,,,,,,,,,,,,,,,,,,,,,,,,,
ZD022,15:15,17,,,,38,8, ,,,63,,,,,,,,,,,,,,,,,,,,,,,,,,
ZD250,15:28,137,15,6,19,77,52,12, ,,318,,,,,,,,,,,,,,,,,,,,,,,,,,
ZD121,16:06,62,,5,8,72,15,1,9, ,172,,,,,,,,,,,,,,,,,,,,,,,,,,
ZD190-01,16:50,145,24,12,25,102,63,11,67,5,454,,,,,,,,,,,,,,,,,,,,,,,,,,
上车人数合计,,801,63,47,89,362,138,24,76,5,1605,,,,,,,,,,,,,,,,,,,,,,,,,,
G10 ZD013—ZD190-01 开行 1 天 日均定员： 1112 客座率： 51.9 %,,,,,,,,,,,,,,,,,,,,,,,,,,,,,,,,,,,,,
上车站,,ZD013,ZD144,ZD021,ZD040,ZD111-03,ZD111-01,ZD326,ZD250,下车人数合计,,,,,,,,,,,,,,,,,,,,,,,,,,,
下车站,开/到点,12:42,12:55,13:35,14:04,14:27,14:45,15:29,16:06,,,,,,,,,,,,,,,,,,,,,,,,,,,,
ZD013,, ,,,,,,,, ,,,,,,,,,,,,,,,,,,,,,,,,,,,
ZD144,12:53,124, ,,,,,,,124,,,,,,,,,,,,,,,,,,,,,,,,,,,
ZD021,13:33,138,25, ,,,,,,163,,,,,,,,,,,,,,,,,,,,,,,,,,,
ZD040,14:02,21,3,2, ,,,,,26,,,,,,,,,,,,,,,,,,,,,,,,,,,
ZD111-03,14:25,26,6,1,6, ,,,,39,,,,,,,,,,,,,,,,,,,,,,,,,,,
ZD111-01,14:39,89,2,6,14,9, ,,,120,,,,,,,,,,,,,,,,,,,,,,,,,,,
ZD326,15:28,76,5,7,4,31,108, ,,231,,,,,,,,,,,,,,,,,,,,,,,,,,,
ZD250,16:04,82,3,6,9,28,152,42, ,322,,,,,,,,,,,,,,,,,,,,,,,,,,,
ZD190-01,17:20,109,4,7,16,21,178,42,59,436,,,,,,,,,,,,,,,,,,,,,,,,,,,
上车人数合计,,665,48,29,49,89,438,84,59,1461,,,,,,,,,,,,,,,,,,,,,,,,,,,
G11 ZD013—ZD190-01 开行 1 天 日均定员： 1112 客座率： 23.5 %,,,,,,,,,,,,,,,,,,,,,,,,,,,,,,,,,,,,,
上车站,,ZD013,ZD021,ZD040,ZD111-03,ZD111-01,ZD326,ZD250,下车人数合计,,,,,,,,,,,,,,,,,,,,,,,,,,,,
下车站,开/到点,12:47,13:40,14:09,14:38,14:58,15:41,16:19,,,,,,,,,,,,,,,,,,,,,,,,,,,,,
ZD013,, ,,,,,,, ,,,,,,,,,,,,,,,,,,,,,,,,,,,,
ZD021,13:38,78, ,,,,,,78,,,,,,,,,,,,,,,,,,,,,,,,,,,,
ZD040,14:07,16,3, ,,,,,19,,,,,,,,,,,,,,,,,,,,,,,,,,,,
ZD111-03,14:33,18,2,, ,,,,20,,,,,,,,,,,,,,,,,,,,,,,,,,,,
ZD111-01,14:54,56,3,2,11, ,,,72,,,,,,,,,,,,,,,,,,,,,,,,,,,,
ZD326,15:40,24,,,10,38, ,,72,,,,,,,,,,,,,,,,,,,,,,,,,,,,
ZD250,16:17,58,4,7,12,51,17, ,149,,,,,,,,,,,,,,,,,,,,,,,,,,,,
ZD190-01,17:39,60,6,5,9,48,15,16,159,,,,,,,,,,,,,,,,,,,,,,,,,,,,
上车人数合计,,310,18,14,42,137,32,16,569,,,,,,,,,,,,,,,,,,,,,,,,,,,,
G12 ZD013—ZD190-01 开行 1 天 日均定员： 1112 客座率： 62.4 %,,,,,,,,,,,,,,,,,,,,,,,,,,,,,,,,,,,,,
上车站,,ZD013,ZD144,ZD040,ZD111-03,ZD111-01,ZD326,ZD250,ZD062,下车人数合计,,,,,,,,,,,,,,,,,,,,,,,,,,,
下车站,开/到点,13:18,13:41,14:40,15:06,15:24,16:08,16:44,17:13,,,,,,,,,,,,,,,,,,,,,,,,,,,,
ZD013,,2,,,,,,,,2,,,,,,,,,,,,,,,,,,,,,,,,,,,
ZD144,13:39,113, ,,,,,,,113,,,,,,,,,,,,,,,,,,,,,,,,,,,
ZD040,14:38,56,5, ,,,,,,61,,,,,,,,,,,,,,,,,,,,,,,,,,,
ZD111-03,15:04,33,3,1, ,,,,,37,,,,,,,,,,,,,,,,,,,,,,,,,,,
ZD111-01,15:22,138,13,21,10, ,,,,182,,,,,,,,,,,,,,,,,,,,,,,,,,,
ZD326,16:07,109,6,15,16,43, ,,,189,,,,,,,,,,,,,,,,,,,,,,,,,,,
ZD250,16:43,107,8,15,23,71,37, ,,261,,,,,,,,,,,,,,,,,,,,,,,,,,,
ZD062,17:12,68,2,2,1,81,27,115, ,296,,,,,,,,,,,,,,,,,,,,,,,,,,,
ZD190-01,18:03,158,3,6,28,73,29,47,71,415,,,,,,,,,,,,,,,,,,,,,,,,,,,
上车人数合计,,784,40,60,78,268,93,162,71,1556,,,,,,,,,,,,,,,,,,,,,,,,,,,
G13 ZD013—ZD190-01 开行 1 天 日均定员： 1005 客座率： 71.4 %,,,,,,,,,,,,,,,,,,,,,,,,,,,,,,,,,,,,,
上车站,,ZD013,ZD144,ZD040,ZD111-03,ZD111-01,ZD326,ZD250,ZD062,下车人数合计,,,,,,,,,,,,,,,,,,,,,,,,,,,
下车站,开/到点,14:20,14:46,15:40,16:10,16:30,17:13,17:51,18:20,,,,,,,,,,,,,,,,,,,,,,,,,,,,
ZD013,, ,,,,,,,, ,,,,,,,,,,,,,,,,,,,,,,,,,,,
ZD144,14:42,63, ,,,,,,,63,,,,,,,,,,,,,,,,,,,,,,,,,,,
ZD040,15:33,87,2, ,,,,,,89,,,,,,,,,,,,,,,,,,,,,,,,,,,
ZD111-03,16:04,31,7,10, ,,,,,48,,,,,,,,,,,,,,,,,,,,,,,,,,,
ZD111-01,16:27,162,3,38,4, ,,,,207,,,,,,,,,,,,,,,,,,,,,,,,,,,
ZD326,17:12,101,6,13,7,90, ,,,217,,,,,,,,,,,,,,,,,,,,,,,,,,,
ZD250,17:49,113,4,10,8,86,36, ,,257,,,,,,,,,,,,,,,,,,,,,,,,,,,
ZD062,18:18,32,,3,2,30,10,59, ,136,,,,,,,,,,,,,,,,,,,,,,,,,,,
ZD190-01,19:10,191,9,26,13,138,25,46,23,471,,,,,,,,,,,,,,,,,,,,,,,,,,,
上车人数合计,,780,31,100,34,344,71,105,23,1488,,,,,,,,,,,,,,,,,,,,,,,,,,,
G14 ZD013—ZD190-01 开行 1 天 日均定员： 1112 客座率： 39.6 %,,,,,,,,,,,,,,,,,,,,,,,,,,,,,,,,,,,,,
上车站,,ZD013,ZD144,ZD241,ZD040,ZD111-03,ZD111-01,ZD326,ZD192,ZD250,下车人数合计,,,,,,,,,,,,,,,,,,,,,,,,,,
下车站,开/到点,14:46,15:09,15:34,16:20,16:47,17:05,17:49,18:08,18:30,,,,,,,,,,,,,,,,,,,,,,,,,,,
ZD013,, ,,,,,,,,, ,,,,,,,,,,,,,,,,,,,,,,,,,,
ZD144,15:07,78, ,,,,,,,,78,,,,,,,,,,,,,,,,,,,,,,,,,,
ZD241,15:27,,, ,,,,,,, ,,,,,,,,,,,,,,,,,,,,,,,,,,
ZD040,16:18,34,5,17, ,,,,,,56,,,,,,,,,,,,,,,,,,,,,,,,,,
ZD111-03,16:44,22,3,12,9, ,,,,,46,,,,,,,,,,,,,,,,,,,,,,,,,,
ZD111-01,17:03,94,2,16,26,2, ,,,,140,,,,,,,,,,,,,,,,,,,,,,,,,,
ZD326,17:48,56,4,30,3,20,32, ,,,145,,,,,,,,,,,,,,,,,,,,,,,,,,
ZD192,18:07,68,4,2,4,5,22,1, ,,106,,,,,,,,,,,,,,,,,,,,,,,,,,
ZD250,18:29,36,1,33,4,7,38,6,8, ,133,,,,,,,,,,,,,,,,,,,,,,,,,,
ZD190-01,19:44,92,4,20,6,9,53,10,6,12,212,,,,,,,,,,,,,,,,,,,,,,,,,,
上车人数合计,,480,23,130,52,43,145,17,14,12,916,,,,,,,,,,,,,,,,,,,,,,,,,,
G15 ZD013—ZD190-01 开行 1 天 日均定员： 1005 客座率： 42.7 %,,,,,,,,,,,,,,,,,,,,,,,,,,,,,,,,,,,,,
上车站,,ZD013,ZD021,ZD040,ZD111-03,ZD111-01,ZD326,ZD250,下车人数合计,,,,,,,,,,,,,,,,,,,,,,,,,,,,
下车站,开/到点,15:46,17:03,17:32,17:58,18:19,19:06,19:45,,,,,,,,,,,,,,,,,,,,,,,,,,,,,
ZD013,, ,,,,,,, ,,,,,,,,,,,,,,,,,,,,,,,,,,,,
ZD021,17:00,36, ,,,,,,36,,,,,,,,,,,,,,,,,,,,,,,,,,,,
ZD040,17:30,26,, ,,,,,26,,,,,,,,,,,,,,,,,,,,,,,,,,,,
ZD111-03,17:56,14,1,2, ,,,,17,,,,,,,,,,,,,,,,,,,,,,,,,,,,
ZD111-01,18:15,127,8,10,3, ,,,148,,,,,,,,,,,,,,,,,,,,,,,,,,,,
ZD326,19:01,70,2,2,3,16, ,,93,,,,,,,,,,,,,,,,,,,,,,,,,,,,
ZD250,19:42,68,2,4,2,41,7, ,124,,,,,,,,,,,,,,,,,,,,,,,,,,,,
ZD190-01,20:58,161,2,11,18,64,15,5,276,,,,,,,,,,,,,,,,,,,,,,,,,,,,
上车人数合计,,502,15,29,26,121,22,5,720,,,,,,,,,,,,,,,,,,,,,,,,,,,,
G16 ZD013—ZD190-01 开行 1 天 日均定员： 1112 客座率： 29.3 %,,,,,,,,,,,,,,,,,,,,,,,,,,,,,,,,,,,,,
上车站,,ZD013,ZD241,ZD040,ZD111-03,ZD111-01,ZD326,ZD192,ZD250,下车人数合计,,,,,,,,,,,,,,,,,,,,,,,,,,,
下车站,开/到点,16:42,17:18,18:04,18:30,18:49,19:33,19:54,20:17,,,,,,,,,,,,,,,,,,,,,,,,,,,,
ZD013,, ,,,,,,,, ,,,,,,,,,,,,,,,,,,,,,,,,,,,
ZD241,17:16,, ,,,,,,, ,,,,,,,,,,,,,,,,,,,,,,,,,,,
ZD040,18:02,39,5, ,,,,,,44,,,,,,,,,,,,,,,,,,,,,,,,,,,
ZD111-03,18:28,26,18,4, ,,,,,48,,,,,,,,,,,,,,,,,,,,,,,,,,,
ZD111-01,18:47,97,11,21,3, ,,,,132,,,,,,,,,,,,,,,,,,,,,,,,,,,
ZD326,19:31,53,11,4,4,20, ,,,92,,,,,,,,,,,,,,,,,,,,,,,,,,,
ZD192,19:52,30,1,,5,10,8, ,,54,,,,,,,,,,,,,,,,,,,,,,,,,,,
ZD250,20:15,46,6,2,6,22,2,2, ,86,,,,,,,,,,,,,,,,,,,,,,,,,,,
ZD190-01,21:31,67,21,8,9,35,5,3,6,154,,,,,,,,,,,,,,,,,,,,,,,,,,,
上车人数合计,,358,73,39,27,87,15,5,6,610,,,,,,,,,,,,,,,,,,,,,,,,,,,
G17 ZD013—ZD190-01 开行 1 天 日均定员： 1112 客座率： 48.9 %,,,,,,,,,,,,,,,,,,,,,,,,,,,,,,,,,,,,,
上车站,,ZD013,ZD040,ZD111-03,ZD111-01,ZD326,ZD192,ZD250,下车人数合计,,,,,,,,,,,,,,,,,,,,,,,,,,,,
下车站,开/到点,17:25,18:48,19:15,19:36,20:19,20:39,21:02,,,,,,,,,,,,,,,,,,,,,,,,,,,,,
ZD013,, ,,,,,,, ,,,,,,,,,,,,,,,,,,,,,,,,,,,,
ZD040,18:45,117, ,,,,,,117,,,,,,,,,,,,,,,,,,,,,,,,,,,,
ZD111-03,19:12,89,12, ,,,,,101,,,,,,,,,,,,,,,,,,,,,,,,,,,,
ZD111-01,19:32,180,5,9, ,,,,194,,,,,,,,,,,,,,,,,,,,,,,,,,,,
ZD326,20:18,112,3,17,58, ,,,190,,,,,,,,,,,,,,,,,,,,,,,,,,,,
ZD192,20:38,29,,1,15,2, ,,47,,,,,,,,,,,,,,,,,,,,,,,,,,,,
ZD250,21:00,104,,6,61,4,2, ,177,,,,,,,,,,,,,,,,,,,,,,,,,,,,
ZD190-01,22:16,121,4,11,39,10,,5,190,,,,,,,,,,,,,,,,,,,,,,,,,,,,
上车人数合计,,752,24,44,173,16,2,5,1016,,,,,,,,,,,,,,,,,,,,,,,,,,,,
K15 ZD230—ZD190-01 开行 1 天 日均定员： 1149 客座率： 65.4 %,,,,,,,,,,,,,,,,,,,,,,,,,,,,,,,,,,,,,
上车站,,ZD230,ZD295,ZD218,ZD277,ZD086,ZD039,ZD111-02,ZD326,ZD192,ZD250,ZD062,下车人数合计,,,,,,,,,,,,,,,,,,,,,,,,
下车站,开/到点,21:48,22:56,00:22,01:18,02:00,03:20,05:23,06:28,06:57,07:43,08:28,,,,,,,,,,,,,,,,,,,,,,,,,
ZD230,21:48, ,,,,,,,,,,, ,,,,,,,,,,,,,,,,,,,,,,,,
ZD295,22:53,10, ,,,,,,,,,,10,,,,,,,,,,,,,,,,,,,,,,,,
ZD218,00:06,2,, ,,,,,,,,,2,,,,,,,,,,,,,,,,,,,,,,,,
ZD277,01:14,1,,3, ,,,,,,,,4,,,,,,,,,,,,,,,,,,,,,,,,
ZD086,01:55,2,,,, ,,,,,,,2,,,,,,,,,,,,,,,,,,,,,,,,
ZD039,03:11,4,,,,,,,,,,,4,,,,,,,,,,,,,,,,,,,,,,,,
ZD111-02,05:13,161,12,15,1,3,5, ,,,,,197,,,,,,,,,,,,,,,,,,,,,,,,
ZD326,06:25,138,7,21,,1,5,5, ,,,,177,,,,,,,,,,,,,,,,,,,,,,,,
ZD192,06:54,33,2,15,,,1,11,9, ,,,71,,,,,,,,,,,,,,,,,,,,,,,,
ZD250,07:29,81,5,18,,1,5,5,14,22, ,,151,,,,,,,,,,,,,,,,,,,,,,,,
ZD062,08:26,10,2,4,,1,,1,1,1,51, ,71,,,,,,,,,,,,,,,,,,,,,,,,
ZD190-01,09:42,225,12,159,4,9,20,3,7,7,21,48,515,,,,,,,,,,,,,,,,,,,,,,,,
上车人数合计,,667,40,235,5,15,36,25,31,30,72,48,1204,,,,,,,,,,,,,,,,,,,,,,,,
K12 ZD007—ZD190-01 开行 1 天 日均定员： 1148 客座率： 52.4 %,,,,,,,,,,,,,,,,,,,,,,,,,,,,,,,,,,,,,
上车站,,ZD007,ZD008,ZD199,ZD090,ZD091,ZD110,ZD053,ZD034,ZD310,ZD290,ZD100,ZD197,ZD225,ZD086,ZD150,ZD111-02,ZD326,ZD250,ZD120,下车人数合计,,,,,,,,,,,,,,,,
下车站,开/到点,09:51,10:10,10:59,12:24,12:42,14:10,15:12,16:04,18:33,18:55,22:33,23:58,00:27,01:37,03:54,05:46,07:01,08:04,09:12,,,,,,,,,,,,,,,,,
ZD007,09:51, ,,,,,,,,,,,,,,,,,,, ,,,,,,,,,,,,,,,,
ZD008,10:06,2, ,,,,,,,,,,,,,,,,,,2,,,,,,,,,,,,,,,,
ZD199,10:57,34,12,,,,,,,,,,,,,,,,,,46,,,,,,,,,,,,,,,,
ZD090,12:18,175,86,32, ,,,,,,,,,,,,,,,,293,,,,,,,,,,,,,,,,
ZD091,12:34,18,8,3,4, ,,,,,,,,,,,,,,,33,,,,,,,,,,,,,,,,
ZD110,14:04,69,30,8,87,10, ,,,,,,,,,,,,,,204,,,,,,,,,,,,,,,,
ZD053,15:10,37,27,8,99,40,27, ,,,,,,,,,,,,,238,,,,,,,,,,,,,,,,
ZD034,15:55,31,11,3,61,14,103,23, ,,,,,,,,,,,,246,,,,,,,,,,,,,,,,
ZD310,18:27,1,1,1,1,2,,1,29, ,,,,,,,,,,,36,,,,,,,,,,,,,,,,
ZD290,18:53,,1,,4,,,,4,2, ,,,,,,,,,,11,,,,,,,,,,,,,,,,
ZD100,22:28,,,,,,,1,3,2,5, ,,,,,,,,,11,,,,,,,,,,,,,,,,
ZD197,23:51,7,,,10,,3,1,2,33,,3, ,,,,,,,,59,,,,,,,,,,,,,,,,
ZD225,00:25,2,,,,,3,,10,13,1,8,, ,,,,,,,37,,,,,,,,,,,,,,,,
ZD086,01:25,7,3,,4,2,,,6,74,4,3,,1, ,,,,,,104,,,,,,,,,,,,,,,,
ZD150,03:36,5,5,3,14,4,,1,5,7,,3,,,, ,,,,,47,,,,,,,,,,,,,,,,
ZD111-02,05:40,20,5,6,86,6,12,8,34,38,4,1,10,4,1,23, ,,,,258,,,,,,,,,,,,,,,,
ZD326,06:55,12,4,,19,1,2,3,19,5,3,1,3,3,1,6,3, ,,,85,,,,,,,,,,,,,,,,
ZD250,08:01,21,4,1,21,1,6,4,20,6,6,5,2,12,2,6,4,6, ,,127,,,,,,,,,,,,,,,,
ZD120,09:08,2,,,,,4,,,2,,,6,,,,2,4,13, ,33,,,,,,,,,,,,,,,,
ZD190-01,10:20,18,5,2,26,6,6,1,14,15,6,2,9,5,5,30,4,10,3,127,294,,,,,,,,,,,,,,,,
上车人数合计,,461,202,67,436,86,166,43,146,197,29,26,30,25,9,65,13,20,16,127,2164,,,,,,,,,,,,,,,,
K04 ZD273—ZD190-02 开行 1 天 日均定员： 1194 客座率： 48.0 %,,,,,,,,,,,,,,,,,,,,,,,,,,,,,,,,,,,,,
上车站,,ZD273,ZD307,ZD228,ZD002,ZD078,ZD276,ZD095,ZD068,ZD281,ZD325,ZD161,ZD322,ZD275,ZD213,ZD123,ZD058,ZD253,ZD097,ZD286,ZD309,ZD238,ZD292,ZD233,ZD111-01,ZD326,ZD192,ZD250,ZD062,下车人数合计,,,,,,,
下车站,开/到点,12:50,13:35,15:25,16:07,17:58,18:49,19:14,19:48,20:40,21:45,22:57,00:09,00:42,01:08,01:39,02:59,04:00,05:03,06:35,07:26,07:51,08:36,09:35,11:15,12:48,13:27,14:01,15:32,,,,,,,,
ZD273,, ,,,,,,,,,,,,,,,,,,,,,,,,,,,, ,,,,,,,
ZD307,13:32,30, ,,,,,,,,,,,,,,,,,,,,,,,,,,,30,,,,,,,
ZD228,15:22,6,1, ,,,,,,,,,,,,,,,,,,,,,,,,,,7,,,,,,,
ZD002,16:05,3,2,6, ,,,,,,,,,,,,,,,,,,,,,,,,,11,,,,,,,
ZD078,17:31,44,16,118,95, ,,,,,,,,,,,,,,,,,,,,,,,,273,,,,,,,
ZD276,18:45,4,1,4,,48, ,,,,,,,,,,,,,,,,,,,,,,,57,,,,,,,
ZD095,19:10,,,,,22,4, ,,,,,,,,,,,,,,,,,,,,,,26,,,,,,,
ZD068,19:45,,,,,27,2,, ,,,,,,,,,,,,,,,,,,,,,29,,,,,,,
ZD281,20:35,19,3,,,24,,,, ,,,,,,,,,,,,,,,,,,,,46,,,,,,,
ZD325,21:42,,,,,,,,,, ,,,,,,,,,,,,,,,,,,, ,,,,,,,
ZD161,22:34,3,,,4,3,,1,,6,3, ,,,,,,,,,,,,,,,,,,20,,,,,,,
ZD322,23:54,,,,5,18,1,3,,1,1,3, ,,,,,,,,,,,,,,,,,32,,,,,,,
ZD275,00:36,1,,,,6,,,1,1,,,1, ,,,,,,,,,,,,,,,,10,,,,,,,
ZD213,01:02,,,,,6,,,1,2,,,,, ,,,,,,,,,,,,,,,9,,,,,,,
ZD123,01:35,,,,,7,2,3,,,,1,,,, ,,,,,,,,,,,,,,13,,,,,,,
ZD058,02:43,8,,2,,,,,,3,1,,,2,1,1,,,,,,,,,,,,,,18,,,,,,,
ZD253,03:56,,,,,,,,,,,1,,,,,12, ,,,,,,,,,,,,13,,,,,,,
ZD097,05:00,4,,,,12,,,3,,7,16,,,,3,14,, ,,,,,,,,,,,59,,,,,,,
ZD286,06:10,7,3,4,5,28,5,1,4,19,12,19,5,1,3,,6,2,10, ,,,,,,,,,,134,,,,,,,
ZD309,07:23,5,,,1,16,2,1,1,5,3,2,1,1,,,7,1,,3, ,,,,,,,,,49,,,,,,,
ZD238,07:48,,,1,,24,2,1,2,2,2,6,3,,,,1,,2,1,1, ,,,,,,,,48,,,,,,,
ZD292,08:32,2,,1,,33,1,1,,5,5,5,2,,,1,,2,1,1,1,3, ,,,,,,,64,,,,,,,
ZD233,09:33,6,,,,21,2,,1,1,7,16,,,,,,7,2,,5,2,, ,,,,,,70,,,,,,,
ZD111-01,10:47,17,1,1,,50,3,4,2,12,19,29,3,3,1,2,,,10,5,1,9,7,37, ,,,,,216,,,,,,,
ZD326,12:46,4,,2,,44,2,,,2,5,3,3,1,,1,,,4,1,4,9,9,13,29, ,,,,136,,,,,,,
ZD192,13:14,,,2,,5,4,,,3,,1,5,,,,,,,1,5,1,9,20,42,15, ,,,113,,,,,,,
ZD250,13:59,9,,,1,83,8,1,4,7,6,4,2,1,,,,,,,6,3,9,21,48,2,13, ,,228,,,,,,,
ZD062,15:25,,,,,3,,,,3,1,,1,1,,,,,,,,,4,3,13,3,11,14, ,57,,,,,,,
ZD190-02,16:22,7,,,,21,8,,,6,7,3,2,1,2,2,,1,,3,1,8,7,38,36,1,16,4,76,250,,,,,,,
上车人数合计,,179,27,141,111,501,46,16,19,78,79,109,28,11,7,10,40,13,29,15,24,35,45,132,168,21,40,18,76,2018,,,,,,,
G25 ZD261—ZD190-01 开行 1 天 日均定员： 1061 客座率： 42.6 %,,,,,,,,,,,,,,,,,,,,,,,,,,,,,,,,,,,,,
上车站,,ZD261,ZD164,ZD155,ZD081,ZD287,ZD308,ZD111-01,ZD326,ZD250,ZD190-02,下车人数合计,,,,,,,,,,,,,,,,,,,,,,,,,
下车站,开/到点,07:00,07:43,08:40,09:47,11:01,11:20,12:19,13:03,13:40,14:38,,,,,,,,,,,,,,,,,,,,,,,,,,
ZD261,, ,,,,,,,,,, ,,,,,,,,,,,,,,,,,,,,,,,,,
ZD164,07:41,10,,,,,,,,,,10,,,,,,,,,,,,,,,,,,,,,,,,,
ZD155,08:38,10,9, ,,,,,,,,19,,,,,,,,,,,,,,,,,,,,,,,,,
ZD081,09:24,26,5,149, ,,,,,,,180,,,,,,,,,,,,,,,,,,,,,,,,,
ZD287,10:59,14,2,14,84, ,,,,,,114,,,,,,,,,,,,,,,,,,,,,,,,,
ZD308,11:19,4,1,2,18,6, ,,,,,31,,,,,,,,,,,,,,,,,,,,,,,,,
ZD111-01,12:16,33,,9,78,11,63, ,,,,194,,,,,,,,,,,,,,,,,,,,,,,,,
ZD326,13:01,34,,5,34,8,18,142, ,,,241,,,,,,,,,,,,,,,,,,,,,,,,,
ZD250,13:38,53,3,6,21,10,18,99,31, ,,241,,,,,,,,,,,,,,,,,,,,,,,,,
ZD190-02,14:37,1,,1,7,,5,87,25,16, ,142,,,,,,,,,,,,,,,,,,,,,,,,,
ZD190-01,14:58,21,,5,43,10,28,94,40,51,2,294,,,,,,,,,,,,,,,,,,,,,,,,,
上车人数合计,,206,20,191,285,45,132,422,96,67,2,1466,,,,,,,,,,,,,,,,,,,,,,,,,
K16 ZD266—ZD190-01 开行 1 天 日均定员： 1303 客座率： 41.0 %,,,,,,,,,,,,,,,,,,,,,,,,,,,,,,,,,,,,,
上车站,,ZD266,ZD251,ZD096,ZD249,ZD151,ZD200,ZD167,ZD160,ZD065,ZD320,ZD141,ZD168,ZD178,ZD207,ZD035,ZD286,ZD309,ZD238,ZD292,ZD233,ZD111-01,ZD326,ZD192,ZD250,ZD190-02,下车人数合计,,,,,,,,,,
下车站,开/到点,12:09,12:57,13:52,14:09,15:10,15:59,16:52,17:49,18:32,19:58,21:28,21:52,22:08,22:44,23:31,01:20,02:17,02:41,03:40,05:24,06:30,07:39,08:22,08:57,10:55,,,,,,,,,,,
ZD266,, ,,,,,,,,,,,,,,,,,,,,,,,,, ,,,,,,,,,,
ZD251,12:47,183, ,,,,,,,,,,,,,,,,,,,,,,,,183,,,,,,,,,,
ZD096,13:50,22,5, ,,,,,,,,,,,,,,,,,,,,,,,27,,,,,,,,,,
ZD249,14:06,196,50,, ,,,,,,,,,,,,,,,,,,,,,,246,,,,,,,,,,
ZD151,15:06,36,1,2,3, ,,,,,,,,,,,,,,,,,,,,,42,,,,,,,,,,
ZD200,15:54,24,1,,4,1, ,,,,,,,,,,,,,,,,,,,,30,,,,,,,,,,
ZD167,16:50,11,1,,,7,7, ,,,,,,,,,,,,,,,,,,,26,,,,,,,,,,
ZD160,17:46,35,1,,2,17,22,20, ,,,,,,,,,,,,,,,,,,97,,,,,,,,,,
ZD065,18:30,9,1,,,1,5,4,13, ,,,,,,,,,,,,,,,,,33,,,,,,,,,,
ZD320,19:48,39,9,3,4,34,17,26,65,43, ,,,,,,,,,,,,,,,,240,,,,,,,,,,
ZD141,21:26,3,1,1,1,,1,,2,,42, ,,,,,,,,,,,,,,,51,,,,,,,,,,
ZD168,21:50,7,1,,,1,4,3,2,,25,, ,,,,,,,,,,,,,,43,,,,,,,,,,
ZD178,22:06,1,,,,,,,2,,14,,, ,,,,,,,,,,,,,17,,,,,,,,,,
ZD207,22:36,4,3,,,,,1,,1,7,,2,, ,,,,,,,,,,,,18,,,,,,,,,,
ZD035,23:27,4,,,,,2,,2,1,6,,,,7, ,,,,,,,,,,,22,,,,,,,,,,
ZD286,00:37,4,1,,,2,1,,8,2,6,,,,1,4, ,,,,,,,,,,29,,,,,,,,,,
ZD309,02:15,2,1,,,,1,,,,6,,,1,,,10, ,,,,,,,,,21,,,,,,,,,,
ZD238,02:39,17,,,,,1,,4,1,2,,,,,,15,, ,,,,,,,,40,,,,,,,,,,
ZD292,03:38,7,,,,,,,,,,,,,,,2,,2, ,,,,,,,11,,,,,,,,,,
ZD233,05:22,5,2,1,,2,10,1,6,3,5,,2,,1,,2,,,, ,,,,,,40,,,,,,,,,,
ZD111-01,06:21,27,2,,,1,9,4,17,2,42,1,6,,5,1,16,9,10,3,8, ,,,,,163,,,,,,,,,,
ZD326,07:36,28,6,,,,2,2,21,1,16,2,3,,4,2,10,4,1,1,3,11, ,,,,117,,,,,,,,,,
ZD192,08:05,27,3,,,,2,,7,,20,1,,,,2,1,,,,1,14,12, ,,,90,,,,,,,,,,
ZD250,08:54,26,2,,1,1,3,,15,1,12,2,2,,2,1,1,,,,1,1,4,17, ,,92,,,,,,,,,,
ZD190-02,10:51,6,,,,,,,,,4,,1,,,,,,,,,3,5,3,10, ,32,,,,,,,,,,
ZD190-01,11:20,96,2,1,,4,,1,6,4,7,,9,,,,4,,1,,1,6,5,6,13,2,168,,,,,,,,,,
上车人数合计,,819,93,8,15,71,87,62,170,59,214,6,25,1,20,10,61,13,14,4,14,35,26,26,23,2,1878,,,,,,,,,,
D02 ZD111-01—ZD190-01 开行 1 天 日均定员： 586 客座率： 70.8 %,,,,,,,,,,,,,,,,,,,,,,,,,,,,,,,,,,,,,
上车站,,ZD111-01,ZD326,ZD250,ZD062,下车人数合计,,,,,,,,,,,,,,,,,,,,,,,,,,,,,,,
下车站,开/到点,07:10,07:53,08:30,08:58,,,,,,,,,,,,,,,,,,,,,,,,,,,,,,,,
ZD111-01,07:10, ,,,, ,,,,,,,,,,,,,,,,,,,,,,,,,,,,,,,
ZD326,07:52,79, ,,,79,,,,,,,,,,,,,,,,,,,,,,,,,,,,,,,
ZD250,08:29,86,35, ,,121,,,,,,,,,,,,,,,,,,,,,,,,,,,,,,,
ZD062,08:57,23,6,65, ,94,,,,,,,,,,,,,,,,,,,,,,,,,,,,,,,
ZD190-01,09:48,175,86,105,72,438,,,,,,,,,,,,,,,,,,,,,,,,,,,,,,,
上车人数合计,,363,127,170,72,732,,,,,,,,,,,,,,,,,,,,,,,,,,,,,,,
D03 ZD190-01—ZD111-01 开行 1 天 日均定员： 613 客座率： 44.9 %,,,,,,,,,,,,,,,,,,,,,,,,,,,,,,,,,,,,,
上车站,,ZD190-01,ZD190-02,ZD250,ZD192,ZD326,下车人数合计,,,,,,,,,,,,,,,,,,,,,,,,,,,,,,
下车站,开/到点,05:46,06:03,07:01,07:24,07:45,,,,,,,,,,,,,,,,,,,,,,,,,,,,,,,
ZD190-01,05:46, ,,,,, ,,,,,,,,,,,,,,,,,,,,,,,,,,,,,,
ZD190-02,06:02,3,,,,,3,,,,,,,,,,,,,,,,,,,,,,,,,,,,,,
ZD250,06:59,14,5, ,,,19,,,,,,,,,,,,,,,,,,,,,,,,,,,,,,
ZD192,07:22,2,1,2, ,,5,,,,,,,,,,,,,,,,,,,,,,,,,,,,,,
ZD326,07:43,10,5,19,4, ,38,,,,,,,,,,,,,,,,,,,,,,,,,,,,,,
ZD111-01,08:33,74,25,165,41,166,471,,,,,,,,,,,,,,,,,,,,,,,,,,,,,,
上车人数合计,,103,36,186,45,166,536,,,,,,,,,,,,,,,,,,,,,,,,,,,,,,
D04 ZD111-03—ZD190-01 开行 1 天 日均定员： 586 客座率： 86.7 %,,,,,,,,,,,,,,,,,,,,,,,,,,,,,,,,,,,,,
上车站,,ZD111-03,ZD111-01,ZD326,ZD022,ZD250,下车人数合计,,,,,,,,,,,,,,,,,,,,,,,,,,,,,,
下车站,开/到点,07:58,08:17,09:02,09:32,09:46,,,,,,,,,,,,,,,,,,,,,,,,,,,,,,,
ZD111-03,07:58, ,,,,, ,,,,,,,,,,,,,,,,,,,,,,,,,,,,,,
ZD111-01,08:14,1, ,,,,1,,,,,,,,,,,,,,,,,,,,,,,,,,,,,,
ZD326,09:00,10,128, ,,,138,,,,,,,,,,,,,,,,,,,,,,,,,,,,,,
ZD022,09:30,2,23,28, ,,53,,,,,,,,,,,,,,,,,,,,,,,,,,,,,,
ZD250,09:43,8,81,40,16, ,145,,,,,,,,,,,,,,,,,,,,,,,,,,,,,,
ZD190-01,11:00,18,272,94,11,116,511,,,,,,,,,,,,,,,,,,,,,,,,,,,,,,
上车人数合计,,39,504,162,27,116,848,,,,,,,,,,,,,,,,,,,,,,,,,,,,,,
D05 ZD190-01—ZD111-01 开行 1 天 日均定员： 586 客座率： 22.5 %,,,,,,,,,,,,,,,,,,,,,,,,,,,,,,,,,,,,,
上车站,,ZD190-01,ZD062,ZD250,ZD326,ZD311,下车人数合计,,,,,,,,,,,,,,,,,,,,,,,,,,,,,,
下车站,开/到点,06:43,07:30,07:59,08:39,09:06,,,,,,,,,,,,,,,,,,,,,,,,,,,,,,,
ZD190-01,06:43, ,,,,, ,,,,,,,,,,,,,,,,,,,,,,,,,,,,,,
ZD062,07:28,2, ,,,,2,,,,,,,,,,,,,,,,,,,,,,,,,,,,,,
ZD250,07:57,6,26, ,,,32,,,,,,,,,,,,,,,,,,,,,,,,,,,,,,
ZD326,08:35,5,2,15, ,,22,,,,,,,,,,,,,,,,,,,,,,,,,,,,,,
ZD311,09:04,8,,5,15, ,28,,,,,,,,,,,,,,,,,,,,,,,,,,,,,,
ZD111-01,09:27,41,22,51,51,33,198,,,,,,,,,,,,,,,,,,,,,,,,,,,,,,
上车人数合计,,62,50,71,66,33,282,,,,,,,,,,,,,,,,,,,,,,,,,,,,,,
D06 ZD111-01—ZD190-01 开行 1 天 日均定员： 586 客座率： 76.5 %,,,,,,,,,,,,,,,,,,,,,,,,,,,,,,,,,,,,,
上车站,,ZD111-01,ZD311,ZD326,ZD192,ZD250,ZD062,下车人数合计,,,,,,,,,,,,,,,,,,,,,,,,,,,,,
下车站,开/到点,09:57,10:22,10:46,11:06,11:24,11:52,,,,,,,,,,,,,,,,,,,,,,,,,,,,,,
ZD111-01,09:57, ,,,,,, ,,,,,,,,,,,,,,,,,,,,,,,,,,,,,
ZD311,10:21,74, ,,,,,74,,,,,,,,,,,,,,,,,,,,,,,,,,,,,
ZD326,10:44,93,20, ,,,,113,,,,,,,,,,,,,,,,,,,,,,,,,,,,,
ZD192,11:05,65,11,12, ,,,88,,,,,,,,,,,,,,,,,,,,,,,,,,,,,
ZD250,11:22,118,18,18,13, ,,167,,,,,,,,,,,,,,,,,,,,,,,,,,,,,
ZD062,11:51,53,3,12,5,129, ,202,,,,,,,,,,,,,,,,,,,,,,,,,,,,,
ZD190-01,12:48,124,38,14,39,29,88,332,,,,,,,,,,,,,,,,,,,,,,,,,,,,,
上车人数合计,,527,90,56,57,158,88,976,,,,,,,,,,,,,,,,,,,,,,,,,,,,,
D07 ZD190-01—ZD111-01 开行 1 天 日均定员： 613 客座率： 22.6 %,,,,,,,,,,,,,,,,,,,,,,,,,,,,,,,,,,,,,
上车站,,ZD190-01,ZD062,ZD250,ZD326,下车人数合计,,,,,,,,,,,,,,,,,,,,,,,,,,,,,,,
下车站,开/到点,09:10,09:56,10:24,11:02,,,,,,,,,,,,,,,,,,,,,,,,,,,,,,,,
ZD190-01,09:10, ,,,, ,,,,,,,,,,,,,,,,,,,,,,,,,,,,,,,
ZD062,09:55,16, ,,,16,,,,,,,,,,,,,,,,,,,,,,,,,,,,,,,
ZD250,10:23,29,5, ,,34,,,,,,,,,,,,,,,,,,,,,,,,,,,,,,,
ZD326,11:00,21,,5, ,26,,,,,,,,,,,,,,,,,,,,,,,,,,,,,,,
ZD111-01,11:50,71,7,31,39,148,,,,,,,,,,,,,,,,,,,,,,,,,,,,,,,
上车人数合计,,137,12,36,39,224,,,,,,,,,,,,,,,,,,,,,,,,,,,,,,,
D08 ZD111-01—ZD190-01 开行 1 天 日均定员： 586 客座率： 44.3 %,,,,,,,,,,,,,,,,,,,,,,,,,,,,,,,,,,,,,
上车站,,ZD111-01,ZD326,ZD250,下车人数合计,,,,,,,,,,,,,,,,,,,,,,,,,,,,,,,,
下车站,开/到点,13:16,14:00,14:38,,,,,,,,,,,,,,,,,,,,,,,,,,,,,,,,,
ZD111-01,13:16, ,,, ,,,,,,,,,,,,,,,,,,,,,,,,,,,,,,,,
ZD326,13:58,55, ,,55,,,,,,,,,,,,,,,,,,,,,,,,,,,,,,,,
ZD250,14:36,131,14, ,145,,,,,,,,,,,,,,,,,,,,,,,,,,,,,,,,
ZD190-01,15:51,133,40,19,192,,,,,,,,,,,,,,,,,,,,,,,,,,,,,,,,
上车人数合计,,319,54,19,392,,,,,,,,,,,,,,,,,,,,,,,,,,,,,,,,
D09 ZD190-01—ZD111-01 开行 1 天 日均定员： 586 客座率： 53.9 %,,,,,,,,,,,,,,,,,,,,,,,,,,,,,,,,,,,,,
上车站,,ZD190-01,ZD250,ZD326,下车人数合计,,,,,,,,,,,,,,,,,,,,,,,,,,,,,,,,
下车站,开/到点,10:09,11:21,12:02,,,,,,,,,,,,,,,,,,,,,,,,,,,,,,,,,
ZD190-01,10:09, ,,, ,,,,,,,,,,,,,,,,,,,,,,,,,,,,,,,,
ZD250,11:17,74, ,,74,,,,,,,,,,,,,,,,,,,,,,,,,,,,,,,,
ZD326,11:57,63,28, ,91,,,,,,,,,,,,,,,,,,,,,,,,,,,,,,,,
ZD111-01,12:50,167,82,65,314,,,,,,,,,,,,,,,,,,,,,,,,,,,,,,,,
上车人数合计,,304,110,65,479,,,,,,,,,,,,,,,,,,,,,,,,,,,,,,,,
D10 ZD111-01—ZD190-01 开行 1 天 日均定员： 586 客座率： 42.2 %,,,,,,,,,,,,,,,,,,,,,,,,,,,,,,,,,,,,,
上车站,,ZD111-01,ZD326,ZD250,ZD190-02,下车人数合计,,,,,,,,,,,,,,,,,,,,,,,,,,,,,,,
下车站,开/到点,14:52,15:35,16:12,17:11,,,,,,,,,,,,,,,,,,,,,,,,,,,,,,,,
ZD111-01,14:52, ,,,, ,,,,,,,,,,,,,,,,,,,,,,,,,,,,,,,
ZD326,15:34,67, ,,,67,,,,,,,,,,,,,,,,,,,,,,,,,,,,,,,
ZD250,16:11,48,13, ,,61,,,,,,,,,,,,,,,,,,,,,,,,,,,,,,,
ZD190-02,17:09,62,35,33, ,130,,,,,,,,,,,,,,,,,,,,,,,,,,,,,,,
ZD190-01,17:32,78,23,15,5,121,,,,,,,,,,,,,,,,,,,,,,,,,,,,,,,
上车人数合计,,255,71,48,5,379,,,,,,,,,,,,,,,,,,,,,,,,,,,,,,,
D11 ZD190-01—ZD111-01 开行 1 天 日均定员： 586 客座率： 33.0 %,,,,,,,,,,,,,,,,,,,,,,,,,,,,,,,,,,,,,
上车站,,ZD190-01,ZD250,ZD326,下车人数合计,,,,,,,,,,,,,,,,,,,,,,,,,,,,,,,,
下车站,开/到点,12:21,13:31,14:25,,,,,,,,,,,,,,,,,,,,,,,,,,,,,,,,,
ZD190-01,12:21, ,,, ,,,,,,,,,,,,,,,,,,,,,,,,,,,,,,,,
ZD250,13:29,34, ,,34,,,,,,,,,,,,,,,,,,,,,,,,,,,,,,,,
ZD326,14:23,36,10, ,46,,,,,,,,,,,,,,,,,,,,,,,,,,,,,,,,
ZD111-01,15:13,107,54,47,208,,,,,,,,,,,,,,,,,,,,,,,,,,,,,,,,
上车人数合计,,177,64,47,288,,,,,,,,,,,,,,,,,,,,,,,,,,,,,,,,
D12 ZD111-01—ZD190-01 开行 1 天 日均定员： 586 客座率： 24.4 %,,,,,,,,,,,,,,,,,,,,,,,,,,,,,,,,,,,,,
上车站,,ZD111-01,ZD326,ZD250,ZD062,下车人数合计,,,,,,,,,,,,,,,,,,,,,,,,,,,,,,,
下车站,开/到点,15:31,16:15,16:53,17:21,,,,,,,,,,,,,,,,,,,,,,,,,,,,,,,,
ZD111-01,15:31, ,,,, ,,,,,,,,,,,,,,,,,,,,,,,,,,,,,,,
ZD326,16:13,73, ,,,73,,,,,,,,,,,,,,,,,,,,,,,,,,,,,,,
ZD250,16:51,49,10, ,,59,,,,,,,,,,,,,,,,,,,,,,,,,,,,,,,
ZD062,17:20,19,4,24, ,47,,,,,,,,,,,,,,,,,,,,,,,,,,,,,,,
ZD190-01,18:12,54,13,14,10,91,,,,,,,,,,,,,,,,,,,,,,,,,,,,,,,
上车人数合计,,195,27,38,10,270,,,,,,,,,,,,,,,,,,,,,,,,,,,,,,,
D13 ZD190-01—ZD111-01 开行 1 天 日均定员： 586 客座率： 31.6 %,,,,,,,,,,,,,,,,,,,,,,,,,,,,,,,,,,,,,
上车站,,ZD190-01,ZD250,ZD192,ZD326,下车人数合计,,,,,,,,,,,,,,,,,,,,,,,,,,,,,,,
下车站,开/到点,13:37,14:51,14:01,15:28,,,,,,,,,,,,,,,,,,,,,,,,,,,,,,,,
ZD190-01,13:37, ,,,, ,,,,,,,,,,,,,,,,,,,,,,,,,,,,,,,
ZD250,14:50,22,,,,22,,,,,,,,,,,,,,,,,,,,,,,,,,,,,,,
ZD192,13:52,35,23, ,,58,,,,,,,,,,,,,,,,,,,,,,,,,,,,,,,
ZD326,15:27,15,12,9, ,36,,,,,,,,,,,,,,,,,,,,,,,,,,,,,,,
ZD111-01,16:16,61,53,73,62,249,,,,,,,,,,,,,,,,,,,,,,,,,,,,,,,
上车人数合计,,133,88,82,62,365,,,,,,,,,,,,,,,,,,,,,,,,,,,,,,,
D14 ZD111-01—ZD190-01 开行 1 天 日均定员： 586 客座率： 28.5 %,,,,,,,,,,,,,,,,,,,,,,,,,,,,,,,,,,,,,
上车站,,ZD111-01,ZD326,ZD250,ZD062,ZD190-02,下车人数合计,,,,,,,,,,,,,,,,,,,,,,,,,,,,,,
下车站,开/到点,17:12,17:59,18:37,18:28,19:36,,,,,,,,,,,,,,,,,,,,,,,,,,,,,,,
ZD111-01,17:12, ,,,,, ,,,,,,,,,,,,,,,,,,,,,,,,,,,,,,
ZD326,17:54,102, ,,,,102,,,,,,,,,,,,,,,,,,,,,,,,,,,,,,
ZD250,18:35,24,10, ,,,34,,,,,,,,,,,,,,,,,,,,,,,,,,,,,,
ZD062,18:27,17,2,15, ,,34,,,,,,,,,,,,,,,,,,,,,,,,,,,,,,
ZD190-02,19:34,42,6,12,6, ,66,,,,,,,,,,,,,,,,,,,,,,,,,,,,,,
ZD190-01,19:57,38,15,8,10,,71,,,,,,,,,,,,,,,,,,,,,,,,,,,,,,
上车人数合计,,223,33,35,16, ,307,,,,,,,,,,,,,,,,,,,,,,,,,,,,,,
D15 ZD190-01—ZD111-01 开行 1 天 日均定员： 586 客座率： 81.5 %,,,,,,,,,,,,,,,,,,,,,,,,,,,,,,,,,,,,,
上车站,,ZD190-01,ZD190-02,ZD250,ZD326,下车人数合计,,,,,,,,,,,,,,,,,,,,,,,,,,,,,,,
下车站,开/到点,13:37,13:54,14:51,15:28,,,,,,,,,,,,,,,,,,,,,,,,,,,,,,,,
ZD190-01,13:37, ,,,, ,,,,,,,,,,,,,,,,,,,,,,,,,,,,,,,
ZD190-02,13:53,9,,,,9,,,,,,,,,,,,,,,,,,,,,,,,,,,,,,,
ZD250,14:50,30,64, ,,94,,,,,,,,,,,,,,,,,,,,,,,,,,,,,,,
ZD326,15:27,54,83,26, ,163,,,,,,,,,,,,,,,,,,,,,,,,,,,,,,,
ZD111-01,16:16,133,113,125,90,461,,,,,,,,,,,,,,,,,,,,,,,,,,,,,,,
上车人数合计,,226,260,151,90,727,,,,,,,,,,,,,,,,,,,,,,,,,,,,,,,
D16 ZD111-01—ZD190-01 开行 1 天 日均定员： 613 客座率： 21.2 %,,,,,,,,,,,,,,,,,,,,,,,,,,,,,,,,,,,,,
上车站,,ZD111-01,ZD311,ZD326,ZD250,下车人数合计,,,,,,,,,,,,,,,,,,,,,,,,,,,,,,,
下车站,开/到点,19:06,19:31,19:55,20:38,,,,,,,,,,,,,,,,,,,,,,,,,,,,,,,,
ZD111-01,19:06, ,,,, ,,,,,,,,,,,,,,,,,,,,,,,,,,,,,,,
ZD311,19:30,80, ,,,80,,,,,,,,,,,,,,,,,,,,,,,,,,,,,,,
ZD326,19:53,39,17, ,,56,,,,,,,,,,,,,,,,,,,,,,,,,,,,,,,
ZD250,20:36,29,16,16, ,61,,,,,,,,,,,,,,,,,,,,,,,,,,,,,,,
ZD190-01,21:51,46,24,13,9,92,,,,,,,,,,,,,,,,,,,,,,,,,,,,,,,
上车人数合计,,194,57,29,9,289,,,,,,,,,,,,,,,,,,,,,,,,,,,,,,,
D17 ZD190-01—ZD111-03 开行 1 天 日均定员： 586 客座率： 55.1 %,,,,,,,,,,,,,,,,,,,,,,,,,,,,,,,,,,,,,
上车站,,ZD190-01,ZD190-02,ZD250,ZD192,ZD326,ZD111-01,下车人数合计,,,,,,,,,,,,,,,,,,,,,,,,,,,,,
下车站,开/到点,18:45,19:03,20:01,20:24,20:47,21:45,,,,,,,,,,,,,,,,,,,,,,,,,,,,,,
ZD190-01,18:45, ,,,,,, ,,,,,,,,,,,,,,,,,,,,,,,,,,,,,
ZD190-02,19:01,8,,,,,,8,,,,,,,,,,,,,,,,,,,,,,,,,,,,,
ZD250,19:59,60,21, ,,,,81,,,,,,,,,,,,,,,,,,,,,,,,,,,,,
ZD192,20:22,11,9,11, ,,,31,,,,,,,,,,,,,,,,,,,,,,,,,,,,,
ZD326,20:43,67,17,7,2, ,,93,,,,,,,,,,,,,,,,,,,,,,,,,,,,,
ZD111-01,21:42,168,28,11,12,18, ,237,,,,,,,,,,,,,,,,,,,,,,,,,,,,,
ZD111-03,22:01,11,3,,,4,3,21,,,,,,,,,,,,,,,,,,,,,,,,,,,,,
上车人数合计,,325,78,29,14,22,3,471,,,,,,,,,,,,,,,,,,,,,,,,,,,,,
D18 ZD111-01—ZD190-01 开行 1 天 日均定员： 613 客座率： 16.7 %,,,,,,,,,,,,,,,,,,,,,,,,,,,,,,,,,,,,,
上车站,,ZD111-01,ZD326,ZD250,ZD062,ZD190-02,下车人数合计,,,,,,,,,,,,,,,,,,,,,,,,,,,,,,
下车站,开/到点,19:51,20:35,21:13,21:42,22:18,,,,,,,,,,,,,,,,,,,,,,,,,,,,,,,
ZD111-01,19:51, ,,,,, ,,,,,,,,,,,,,,,,,,,,,,,,,,,,,,
ZD326,20:33,35, ,,,,35,,,,,,,,,,,,,,,,,,,,,,,,,,,,,,
ZD250,21:11,23,1, ,,,24,,,,,,,,,,,,,,,,,,,,,,,,,,,,,,
ZD062,21:40,16,3,15, ,,34,,,,,,,,,,,,,,,,,,,,,,,,,,,,,,
ZD190-02,22:16,24,3,4,2, ,33,,,,,,,,,,,,,,,,,,,,,,,,,,,,,,
ZD190-01,22:38,29,4,3,11,1,48,,,,,,,,,,,,,,,,,,,,,,,,,,,,,,
上车人数合计,,127,11,22,13,1,174,,,,,,,,,,,,,,,,,,,,,,,,,,,,,,
D19 ZD190-01—ZD111-01 开行 1 天 日均定员： 586 客座率： 30.5 %,,,,,,,,,,,,,,,,,,,,,,,,,,,,,,,,,,,,,
上车站,,ZD190-01,ZD190-02,ZD250,ZD326,下车人数合计,,,,,,,,,,,,,,,,,,,,,,,,,,,,,,,
下车站,开/到点,19:56,20:14,21:12,21:55,,,,,,,,,,,,,,,,,,,,,,,,,,,,,,,,
ZD190-01,19:56, ,,,, ,,,,,,,,,,,,,,,,,,,,,,,,,,,,,,,
ZD190-02,20:12,1,,,,1,,,,,,,,,,,,,,,,,,,,,,,,,,,,,,,
ZD250,21:10,38,7, ,,45,,,,,,,,,,,,,,,,,,,,,,,,,,,,,,,
ZD326,21:53,18,3,3, ,24,,,,,,,,,,,,,,,,,,,,,,,,,,,,,,,
ZD111-01,22:52,106,24,18,13,161,,,,,,,,,,,,,,,,,,,,,,,,,,,,,,,
上车人数合计,,163,34,21,13,231,,,,,,,,,,,,,,,,,,,,,,,,,,,,,,,
G18 ZD209—ZD190-01 开行 1 天 日均定员： 1005 客座率： 53.2 %,,,,,,,,,,,,,,,,,,,,,,,,,,,,,,,,,,,,,
上车站,,ZD209,ZD255,ZD318,ZD172,ZD287,ZD111-01,ZD326,ZD192,ZD250,下车人数合计,,,,,,,,,,,,,,,,,,,,,,,,,,
下车站,开/到点,07:05,07:34,08:05,08:26,09:44,10:55,11:39,11:59,12:21,,,,,,,,,,,,,,,,,,,,,,,,,,,
ZD209,07:05, ,,,,,,,,, ,,,,,,,,,,,,,,,,,,,,,,,,,,
ZD255,07:33,18, ,,,,,,,,18,,,,,,,,,,,,,,,,,,,,,,,,,,
ZD318,08:04,14,2,,,,,,,,16,,,,,,,,,,,,,,,,,,,,,,,,,,
ZD172,08:24,37,11,36,,,,,,,84,,,,,,,,,,,,,,,,,,,,,,,,,,
ZD287,09:42,34,27,9,56, ,,,,,126,,,,,,,,,,,,,,,,,,,,,,,,,,
ZD111-01,10:53,40,10,16,37,15, ,,,,118,,,,,,,,,,,,,,,,,,,,,,,,,,
ZD326,11:38,58,33,11,40,7,68, ,,,217,,,,,,,,,,,,,,,,,,,,,,,,,,
ZD192,11:58,19,4,2,19,5,43,3, ,,95,,,,,,,,,,,,,,,,,,,,,,,,,,
ZD250,12:20,35,40,12,30,11,110,17,16, ,271,,,,,,,,,,,,,,,,,,,,,,,,,,
ZD190-01,13:34,33,19,9,34,11,145,60,10,52,373,,,,,,,,,,,,,,,,,,,,,,,,,,
上车人数合计,,288,146,95,216,49,366,80,26,52,1318,,,,,,,,,,,,,,,,,,,,,,,,,,
G19 ZD209—ZD190-01 开行 1 天 日均定员： 1005 客座率： 68.6 %,,,,,,,,,,,,,,,,,,,,,,,,,,,,,,,,,,,,,
上车站,,ZD209,ZD224,ZD255,ZD172,ZD285,ZD287,ZD308,ZD239,ZD194,ZD231,ZD111-01,ZD311,ZD326,ZD250,ZD062,下车人数合计,,,,,,,,,,,,,,,,,,,,
下车站,开/到点,14:05,14:30,14:42,15:28,16:31,16:52,17:12,17:19,17:38,17:59,18:25,18:52,19:16,19:54,20:22,,,,,,,,,,,,,,,,,,,,,
ZD209,14:05, ,,,,,,,,,,,,,,, ,,,,,,,,,,,,,,,,,,,,
ZD224,14:28,58, ,,,,,,,,,,,,,,58,,,,,,,,,,,,,,,,,,,,
ZD255,14:40,42,7, ,,,,,,,,,,,,,49,,,,,,,,,,,,,,,,,,,,
ZD172,15:26,67,27,26, ,,,,,,,,,,,,120,,,,,,,,,,,,,,,,,,,,
ZD285,16:29,41,6,3,25, ,,,,,,,,,,,75,,,,,,,,,,,,,,,,,,,,
ZD287,16:50,48,32,6,91,8, ,,,,,,,,,,185,,,,,,,,,,,,,,,,,,,,
ZD308,17:10,18,10,8,12,9,12, ,,,,,,,,,69,,,,,,,,,,,,,,,,,,,,
ZD239,17:17,1,4,1,1,1,4,1, ,,,,,,,,13,,,,,,,,,,,,,,,,,,,,
ZD194,17:36,53,6,11,14,,7,4,6, ,,,,,,,101,,,,,,,,,,,,,,,,,,,,
ZD231,17:57,6,1,3,,1,3,,1,, ,,,,,,15,,,,,,,,,,,,,,,,,,,,
ZD111-01,18:23,31,9,6,26,1,7,9,14,45,14, ,,,,,162,,,,,,,,,,,,,,,,,,,,
ZD311,18:49,14,4,2,9,,5,6,,4,10,86, ,,,,140,,,,,,,,,,,,,,,,,,,,
ZD326,19:14,100,26,28,46,6,1,2,,16,1,22,11, ,,,259,,,,,,,,,,,,,,,,,,,,
ZD250,19:52,60,14,22,24,8,3,6,3,16,2,43,7,5, ,,213,,,,,,,,,,,,,,,,,,,,
ZD062,20:21,11,1,,5,,1,,,9,2,8,7,2,9, ,55,,,,,,,,,,,,,,,,,,,,
ZD190-01,21:12,28,22,21,27,7,,2,2,41,7,13,2,10,8,2,192,,,,,,,,,,,,,,,,,,,,
上车人数合计,,578,169,137,280,41,43,30,26,131,36,172,27,17,17,2,1706,,,,,,,,,,,,,,,,,,,,
G20 ZD209—ZD190-01 开行 1 天 日均定员： 1005 客座率： 79.0 %,,,,,,,,,,,,,,,,,,,,,,,,,,,,,,,,,,,,,
上车站,,ZD209,ZD224,ZD024,ZD318,ZD172,ZD006,ZD287,ZD231,ZD111-01,ZD326,ZD250,ZD190-02,下车人数合计,,,,,,,,,,,,,,,,,,,,,,,
下车站,开/到点,09:08,09:33,09:57,10:17,10:38,11:22,12:03,12:55,13:22,14:06,14:44,15:42,,,,,,,,,,,,,,,,,,,,,,,,
ZD209,09:08, ,,,,,,,,,,,, ,,,,,,,,,,,,,,,,,,,,,,,
ZD224,09:31,52, ,,,,,,,,,,,52,,,,,,,,,,,,,,,,,,,,,,,
ZD024,09:55,99,2, ,,,,,,,,,,101,,,,,,,,,,,,,,,,,,,,,,,
ZD318,10:15,18,1,3, ,,,,,,,,,22,,,,,,,,,,,,,,,,,,,,,,,
ZD172,10:36,48,24,10,4, ,,,,,,,,86,,,,,,,,,,,,,,,,,,,,,,,
ZD006,11:20,30,15,4,7,21, ,,,,,,,77,,,,,,,,,,,,,,,,,,,,,,,
ZD287,11:59,14,36,17,9,12,9, ,,,,,,97,,,,,,,,,,,,,,,,,,,,,,,
ZD231,12:54,20,6,5,7,7,,4, ,,,,,49,,,,,,,,,,,,,,,,,,,,,,,
ZD111-01,13:18,62,22,9,6,18,9,16,38, ,,,,180,,,,,,,,,,,,,,,,,,,,,,,
ZD326,14:04,78,37,13,3,55,6,5,11,34, ,,,242,,,,,,,,,,,,,,,,,,,,,,,
ZD250,14:42,97,50,28,18,34,10,13,36,43,10, ,,339,,,,,,,,,,,,,,,,,,,,,,,
ZD190-02,15:41,4,2,8,,,2,1,9,59,16,21, ,122,,,,,,,,,,,,,,,,,,,,,,,
ZD190-01,16:02,55,40,24,7,39,15,11,34,87,27,38,9,386,,,,,,,,,,,,,,,,,,,,,,,
上车人数合计,,577,235,121,61,186,51,50,128,223,53,59,9,1753,,,,,,,,,,,,,,,,,,,,,,,
G21 ZD209—ZD190-01 开行 1 天 日均定员： 1005 客座率： 39.5 %,,,,,,,,,,,,,,,,,,,,,,,,,,,,,,,,,,,,,
上车站,,ZD209,ZD318,ZD172,ZD287,ZD239,ZD111-01,ZD326,ZD192,ZD250,下车人数合计,,,,,,,,,,,,,,,,,,,,,,,,,,
下车站,开/到点,16:32,17:26,17:47,19:03,19:29,20:21,21:04,21:24,21:47,,,,,,,,,,,,,,,,,,,,,,,,,,,
ZD209,16:32, ,,,,,,,,, ,,,,,,,,,,,,,,,,,,,,,,,,,,
ZD318,17:25,30,,,,,,,,,30,,,,,,,,,,,,,,,,,,,,,,,,,,
ZD172,17:45,65,20, ,,,,,,,85,,,,,,,,,,,,,,,,,,,,,,,,,,
ZD287,19:01,17,13,48, ,,,,,,78,,,,,,,,,,,,,,,,,,,,,,,,,,
ZD239,19:28,8,3,5,4, ,,,,,20,,,,,,,,,,,,,,,,,,,,,,,,,,
ZD111-01,20:19,34,3,19,8,24, ,,,,88,,,,,,,,,,,,,,,,,,,,,,,,,,
ZD326,21:03,59,10,47,16,4,47, ,,,183,,,,,,,,,,,,,,,,,,,,,,,,,,
ZD192,21:23,30,2,17,1,6,15,1, ,,72,,,,,,,,,,,,,,,,,,,,,,,,,,
ZD250,21:45,62,20,46,10,3,53,6,1, ,201,,,,,,,,,,,,,,,,,,,,,,,,,,
ZD190-01,23:00,24,7,18,8,2,51,9,2,6,127,,,,,,,,,,,,,,,,,,,,,,,,,,
上车人数合计,,329,78,200,47,39,166,16,3,6,884,,,,,,,,,,,,,,,,,,,,,,,,,,
G22 ZD081—ZD190-01 开行 1 天 日均定员： 480 客座率： 53.6 %,,,,,,,,,,,,,,,,,,,,,,,,,,,,,,,,,,,,,
上车站,,ZD081,ZD221,ZD006,ZD287,ZD194,ZD231,ZD111-01,ZD326,ZD250,ZD190-02,下车人数合计,,,,,,,,,,,,,,,,,,,,,,,,,
下车站,开/到点,14:40,15:04,15:29,16:12,16:54,17:14,17:43,18:26,19:03,20:02,,,,,,,,,,,,,,,,,,,,,,,,,,
ZD081,14:40, ,,,,,,,,,, ,,,,,,,,,,,,,,,,,,,,,,,,,
ZD221,15:02,9, ,,,,,,,,,9,,,,,,,,,,,,,,,,,,,,,,,,,
ZD006,15:25,90,4, ,,,,,,,,94,,,,,,,,,,,,,,,,,,,,,,,,,
ZD287,16:05,25,3,3, ,,,,,,,31,,,,,,,,,,,,,,,,,,,,,,,,,
ZD194,16:49,8,,2,7, ,,,,,,17,,,,,,,,,,,,,,,,,,,,,,,,,
ZD231,17:13,14,,1,12,17, ,,,,,44,,,,,,,,,,,,,,,,,,,,,,,,,
ZD111-01,17:37,31,1,7,13,33,49, ,,,,134,,,,,,,,,,,,,,,,,,,,,,,,,
ZD326,18:25,21,,6,16,16,15,43, ,,,117,,,,,,,,,,,,,,,,,,,,,,,,,
ZD250,19:02,17,,2,19,13,18,36,16, ,,121,,,,,,,,,,,,,,,,,,,,,,,,,
ZD190-02,20:00,3,,1,,7,3,14,5,1, ,34,,,,,,,,,,,,,,,,,,,,,,,,,
ZD190-01,20:22,18,,1,7,27,18,70,30,23,1,195,,,,,,,,,,,,,,,,,,,,,,,,,
上车人数合计,,236,8,23,74,113,103,163,51,24,1,796,,,,,,,,,,,,,,,,,,,,,,,,,
G23 ZD081—ZD190-01 开行 1 天 日均定员： 480 客座率： 57.5 %,,,,,,,,,,,,,,,,,,,,,,,,,,,,,,,,,,,,,
上车站,,ZD081,ZD099,ZD006,ZD287,ZD308,ZD194,ZD111-01,ZD326,ZD250,下车人数合计,,,,,,,,,,,,,,,,,,,,,,,,,,
下车站,开/到点,07:00,07:28,07:48,08:26,08:45,09:10,09:49,10:34,11:12,,,,,,,,,,,,,,,,,,,,,,,,,,,
ZD081,07:00, ,,,,,,,,, ,,,,,,,,,,,,,,,,,,,,,,,,,,
ZD099,07:26,22, ,,,,,,,,22,,,,,,,,,,,,,,,,,,,,,,,,,,
ZD006,07:45,43,7, ,,,,,,,50,,,,,,,,,,,,,,,,,,,,,,,,,,
ZD287,08:24,29,5,4, ,,,,,,38,,,,,,,,,,,,,,,,,,,,,,,,,,
ZD308,08:44,6,3,1,12, ,,,,,22,,,,,,,,,,,,,,,,,,,,,,,,,,
ZD194,09:09,1,1,1,7,20, ,,,,30,,,,,,,,,,,,,,,,,,,,,,,,,,
ZD111-01,09:47,28,9,4,11,43,48, ,,,143,,,,,,,,,,,,,,,,,,,,,,,,,,
ZD326,10:32,12,5,5,11,3,9,25, ,,70,,,,,,,,,,,,,,,,,,,,,,,,,,
ZD250,11:10,15,10,9,9,6,29,50,23, ,151,,,,,,,,,,,,,,,,,,,,,,,,,,
ZD190-01,12:26,23,9,7,12,6,41,105,21,27,251,,,,,,,,,,,,,,,,,,,,,,,,,,
上车人数合计,,179,49,31,62,78,127,180,44,27,777,,,,,,,,,,,,,,,,,,,,,,,,,,
G24 ZD080—ZD190-01 开行 1 天 日均定员： 1005 客座率： 43.2 %,,,,,,,,,,,,,,,,,,,,,,,,,,,,,,,,,,,,,
上车站,,ZD080,ZD094,ZD298,ZD148,ZD147,ZD172,ZD031,ZD287,ZD239,ZD231,ZD111-01,ZD326,ZD250,ZD062,下车人数合计,,,,,,,,,,,,,,,,,,,,,
下车站,开/到点,07:00,07:23,07:42,07:55,08:13,08:37,08:57,10:00,10:28,11:00,11:28,12:11,12:48,13:25,,,,,,,,,,,,,,,,,,,,,,
ZD080,07:00, ,,,,,,,,,,,,,, ,,,,,,,,,,,,,,,,,,,,,
ZD094,07:21,13, ,,,,,,,,,,,,,13,,,,,,,,,,,,,,,,,,,,,
ZD298,07:40,,1, ,,,,,,,,,,,,1,,,,,,,,,,,,,,,,,,,,,
ZD148,07:53,6,1,,,,,,,,,,,,,7,,,,,,,,,,,,,,,,,,,,,
ZD147,08:11,1,1,1,,,,,,,,,,,,3,,,,,,,,,,,,,,,,,,,,,
ZD172,08:30,43,6,46,137,8, ,,,,,,,,,240,,,,,,,,,,,,,,,,,,,,,
ZD031,08:55,28,1,3,,,17, ,,,,,,,,49,,,,,,,,,,,,,,,,,,,,,
ZD287,09:58,15,5,5,7,2,18,5, ,,,,,,,57,,,,,,,,,,,,,,,,,,,,,
ZD239,10:26,10,6,4,2,,6,2,5, ,,,,,,35,,,,,,,,,,,,,,,,,,,,,
ZD231,10:58,9,,3,2,,8,,6,12, ,,,,,40,,,,,,,,,,,,,,,,,,,,,
ZD111-01,11:24,12,,7,5,,12,8,7,34,53, ,,,,138,,,,,,,,,,,,,,,,,,,,,
ZD326,12:10,46,4,23,10,,15,6,6,2,38,33, ,,,183,,,,,,,,,,,,,,,,,,,,,
ZD250,12:47,35,3,9,,,21,5,10,19,42,55,29, ,,228,,,,,,,,,,,,,,,,,,,,,
ZD062,13:15,5,2,,,1,6,,2,,7,46,5,54, ,128,,,,,,,,,,,,,,,,,,,,,
ZD190-01,14:16,29,5,8,11,1,19,5,3,15,44,41,27,14,46,268,,,,,,,,,,,,,,,,,,,,,
上车人数合计,,252,35,109,174,12,122,31,39,82,184,175,61,68,46,1390,,,,,,,,,,,,,,,,,,,,,
G27 ZD080—ZD190-01 开行 1 天 日均定员： 480 客座率： 75.2 %,,,,,,,,,,,,,,,,,,,,,,,,,,,,,,,,,,,,,
上车站,,ZD080,ZD094,ZD317,ZD298,ZD148,ZD147,ZD172,ZD031,ZD285,ZD287,ZD308,ZD231,ZD111-01,ZD326,ZD192,ZD250,下车人数合计,,,,,,,,,,,,,,,,,,,
下车站,开/到点,14:04,14:27,14:38,14:53,15:06,15:25,15:50,16:09,16:57,17:23,17:44,18:33,18:59,19:43,20:04,20:27,,,,,,,,,,,,,,,,,,,,
ZD080,14:04, ,,,,,,,,,,,,,,,, ,,,,,,,,,,,,,,,,,,,
ZD094,14:25,25, ,,,,,,,,,,,,,,,25,,,,,,,,,,,,,,,,,,,
ZD317,14:36,15,, ,,,,,,,,,,,,,,15,,,,,,,,,,,,,,,,,,,
ZD298,14:51,33,3,4, ,,,,,,,,,,,,,40,,,,,,,,,,,,,,,,,,,
ZD148,15:04,8,,1,3, ,,,,,,,,,,,,12,,,,,,,,,,,,,,,,,,,
ZD147,15:22,3,,,4,1,,,,,,,,,,,,8,,,,,,,,,,,,,,,,,,,
ZD172,15:42,47,3,2,14,8,4, ,,,,,,,,,,78,,,,,,,,,,,,,,,,,,,
ZD031,16:08,30,1,1,2,1,3,29, ,,,,,,,,,67,,,,,,,,,,,,,,,,,,,
ZD285,16:55,22,9,1,1,4,1,16,5, ,,,,,,,,59,,,,,,,,,,,,,,,,,,,
ZD287,17:16,21,1,3,4,11,3,7,11,, ,,,,,,,61,,,,,,,,,,,,,,,,,,,
ZD308,17:41,24,,,3,1,,,,2,9, ,,,,,,39,,,,,,,,,,,,,,,,,,,
ZD231,18:22,8,,,2,,,6,,,3,6, ,,,,,25,,,,,,,,,,,,,,,,,,,
ZD111-01,18:57,13,,,3,1,2,1,,,22,31,18, ,,,,91,,,,,,,,,,,,,,,,,,,
ZD326,19:41,71,2,1,3,2,,5,,,9,6,3,19, ,,,121,,,,,,,,,,,,,,,,,,,
ZD192,20:02,36,,,,,,12,,,7,6,11,11,5, ,,88,,,,,,,,,,,,,,,,,,,
ZD250,20:25,49,2,1,,2,,2,4,1,11,2,11,28,3,, ,116,,,,,,,,,,,,,,,,,,,
ZD190-01,21:40,36,1,,4,1,,3,2,4,3,1,9,35,5,2,2,108,,,,,,,,,,,,,,,,,,,
上车人数合计,,441,22,14,43,32,13,81,22,7,64,52,52,93,13,2,2,953,,,,,,,,,,,,,,,,,,,
K10 ZD056—ZD190-01 开行 1 天 日均定员： 1122 客座率： 38.0 %,,,,,,,,,,,,,,,,,,,,,,,,,,,,,,,,,,,,,
上车站,,ZD056,ZD169,ZD176,ZD115,ZD116,ZD263,ZD300,ZD146,ZD132,ZD102,ZD114,ZD289,ZD256,ZD025,ZD081,ZD098,ZD058,ZD253,ZD097,ZD286,ZD309,ZD292,ZD233,ZD111-01,ZD326,ZD192,ZD250,ZD062,下车人数合计,,,,,,,
下车站,开/到点,16:07,16:56,18:58,20:17,21:04,21:57,00:42,02:47,03:53,06:46,08:22,12:17,13:16,14:19,15:26,16:40,18:21,19:23,20:44,22:30,23:31,00:48,01:48,02:52,04:00,04:28,05:02,05:48,,,,,,,,
ZD056,16:07, ,,,,,,,,,,,,,,,,,,,,,,,,,,,, ,,,,,,,
ZD169,16:54,8, ,,,,,,,,,,,,,,,,,,,,,,,,,,,8,,,,,,,
ZD176,18:47,123,7, ,,,,,,,,,,,,,,,,,,,,,,,,,,130,,,,,,,
ZD115,20:13,150,1,3, ,,,,,,,,,,,,,,,,,,,,,,,,,154,,,,,,,
ZD116,20:58,99,,20,4, ,,,,,,,,,,,,,,,,,,,,,,,,123,,,,,,,
ZD263,21:50,93,3,23,12,14, ,,,,,,,,,,,,,,,,,,,,,,,145,,,,,,,
ZD300,00:23,16,,1,4,12,10, ,,,,,,,,,,,,,,,,,,,,,,43,,,,,,,
ZD146,02:35,52,,,,3,,24, ,,,,,,,,,,,,,,,,,,,,,79,,,,,,,
ZD132,03:46,6,,2,,2,3,3,2, ,,,,,,,,,,,,,,,,,,,,18,,,,,,,
ZD102,06:43,8,,3,1,,,11,1,1, ,,,,,,,,,,,,,,,,,,,25,,,,,,,
ZD114,08:13,1,,,,,,,,,, ,,,,,,,,,,,,,,,,,,1,,,,,,,
ZD289,12:12,5,,,,,,,,,,, ,,,,,,,,,,,,,,,,,5,,,,,,,
ZD256,13:10,2,,1,4,,2,1,,,,,20, ,,,,,,,,,,,,,,,,30,,,,,,,
ZD025,14:15,4,,,1,,,2,,1,,,6,34, ,,,,,,,,,,,,,,,48,,,,,,,
ZD081,15:14,4,1,3,6,,5,2,4,9,1,21,121,263,124, ,,,,,,,,,,,,,,564,,,,,,,
ZD098,16:36,6,,3,,,,2,1,6,8,2,24,69,20,237, ,,,,,,,,,,,,,378,,,,,,,
ZD058,18:08,3,,,,,,,,4,1,2,21,75,13,130,62, ,,,,,,,,,,,,311,,,,,,,
ZD253,19:20,,,,,,,,,2,1,1,5,23,1,98,18,13, ,,,,,,,,,,,162,,,,,,,
ZD097,20:41,3,,,,,,,,,,,13,7,3,29,9,25,8, ,,,,,,,,,,97,,,,,,,
ZD286,22:17,,,,,,1,1,,,1,,,3,3,15,3,15,7,68, ,,,,,,,,,117,,,,,,,
ZD309,23:28,1,,,,,,,,,,,,,1,3,1,10,2,7,31, ,,,,,,,,56,,,,,,,
ZD292,00:45,3,,,,,,1,,,,,1,,,4,3,,1,4,1,1, ,,,,,,,19,,,,,,,
ZD233,01:45,,,,,,,,,,,,,,2,,,,1,1,,,, ,,,,,,4,,,,,,,
ZD111-01,02:45,2,,,,,2,,,,,,,,8,6,12,1,11,16,2,3,3,2, ,,,,,68,,,,,,,
ZD326,03:58,4,,,,,,,,3,,,2,3,,11,7,4,8,5,13,5,4,1,8, ,,,,78,,,,,,,
ZD192,04:26,,,,1,,,,,1,,,1,,,1,1,2,1,9,10,2,3,,5,, ,,,37,,,,,,,
ZD250,05:00,5,,2,1,,,,,1,1,2,2,5,1,24,3,7,8,8,14,4,5,1,13,,1, ,,108,,,,,,,
ZD062,05:46,,,,,,,,,,,,,,,2,,3,1,3,2,3,,,5,,,17, ,36,,,,,,,
ZD190-01,07:00,7,,,2,,,,1,,1,,6,7,3,28,7,27,6,15,25,11,4,9,29,6,16,9,68,287,,,,,,,
上车人数合计,,605,12,61,36,31,23,47,9,28,14,28,222,489,179,588,126,107,54,136,98,29,19,13,60,6,17,26,68,3131,,,,,,,
K08 ZD170—ZD190-01 开行 1 天 日均定员： 1082 客座率： 37.7 %,,,,,,,,,,,,,,,,,,,,,,,,,,,,,,,,,,,,,
上车站,,ZD170,ZD135,ZD187,ZD268,ZD105,ZD163,ZD058,ZD018,ZD208,ZD084,ZD112,ZD292,ZD233,ZD111-01,ZD326,ZD250,ZD143,下车人数合计,,,,,,,,,,,,,,,,,,
下车站,开/到点,14:38,16:00,17:08,17:38,18:01,18:54,21:41,23:07,23:53,01:12,02:34,03:28,04:27,06:20,07:39,08:52,10:30,,,,,,,,,,,,,,,,,,,
ZD170,14:38, ,,,,,,,,,,,,,,,,, ,,,,,,,,,,,,,,,,,,
ZD135,15:56,148, ,,,,,,,,,,,,,,,,148,,,,,,,,,,,,,,,,,,
ZD187,17:05,31,11, ,,,,,,,,,,,,,,,42,,,,,,,,,,,,,,,,,,
ZD268,17:28,18,5,, ,,,,,,,,,,,,,,23,,,,,,,,,,,,,,,,,,
ZD105,17:58,6,8,,2, ,,,,,,,,,,,,,16,,,,,,,,,,,,,,,,,,
ZD163,18:42,12,2,6,9,18, ,,,,,,,,,,,,47,,,,,,,,,,,,,,,,,,
ZD058,21:31,12,2,7,3,1,2, ,,,,,,,,,,,27,,,,,,,,,,,,,,,,,,
ZD018,23:04,8,,4,,,3,7, ,,,,,,,,,,22,,,,,,,,,,,,,,,,,,
ZD208,23:51,11,3,1,4,1,,1,4, ,,,,,,,,,25,,,,,,,,,,,,,,,,,,
ZD084,01:04,2,2,1,1,2,,,,1, ,,,,,,,,9,,,,,,,,,,,,,,,,,,
ZD112,02:29,15,2,1,4,3,,3,5,,10, ,,,,,,,43,,,,,,,,,,,,,,,,,,
ZD292,03:04,24,2,1,,,,1,,,,3, ,,,,,,31,,,,,,,,,,,,,,,,,,
ZD233,04:25,18,2,2,2,3,1,4,16,,,1,, ,,,,,49,,,,,,,,,,,,,,,,,,
ZD111-01,06:12,58,12,3,4,11,1,34,10,2,21,8,1,2, ,,,,167,,,,,,,,,,,,,,,,,,
ZD326,07:33,43,9,2,2,11,5,24,9,4,9,7,,,13, ,,,138,,,,,,,,,,,,,,,,,,
ZD250,08:49,43,8,4,3,3,2,8,1,,5,2,4,,16,8, ,,107,,,,,,,,,,,,,,,,,,
ZD143,10:11,,,,,,,,,,,,,,16,8,3, ,27,,,,,,,,,,,,,,,,,,
ZD190-01,11:43,44,13,1,1,1,4,2,2,1,1,1,,,8,6,6,46,137,,,,,,,,,,,,,,,,,,
上车人数合计,,493,81,33,35,54,18,84,47,8,46,22,5,2,53,22,9,46,1058,,,,,,,,,,,,,,,,,,
T01 ZD212—ZD190-01 开行 1 天 日均定员： 1090 客座率： 67.8 %,,,,,,,,,,,,,,,,,,,,,,,,,,,,,,,,,,,,,
上车站,,ZD212,ZD046,ZD107,ZD083,ZD156,ZD061,ZD170,ZD135,ZD163,ZD106,ZD058,ZD208,ZD084,ZD112,ZD292,ZD233,ZD111-01,ZD326,ZD192,ZD250,ZD062,ZD190-02,下车人数合计,,,,,,,,,,,,,
下车站,开/到点,07:35,08:23,09:07,10:00,11:02,13:52,18:07,19:26,21:32,22:41,23:56,01:30,02:33,03:53,04:46,05:40,06:43,08:11,08:37,09:09,09:50,10:46,,,,,,,,,,,,,,
ZD212,, ,,,,,,,,,,,,,,,,,,,,,, ,,,,,,,,,,,,,
ZD046,08:18,19, ,,,,,,,,,,,,,,,,,,,,,19,,,,,,,,,,,,,
ZD107,09:02,6,16, ,,,,,,,,,,,,,,,,,,,,22,,,,,,,,,,,,,
ZD083,09:58,12,10,14, ,,,,,,,,,,,,,,,,,,,36,,,,,,,,,,,,,
ZD156,10:56,7,14,80,40, ,,,,,,,,,,,,,,,,,,141,,,,,,,,,,,,,
ZD061,13:35,32,27,13,7,4, ,,,,,,,,,,,,,,,,,83,,,,,,,,,,,,,
ZD170,17:49,57,25,7,7,2,241, ,,,,,,,,,,,,,,,,339,,,,,,,,,,,,,
ZD135,19:18,15,7,,1,,18,42, ,,,,,,,,,,,,,,,83,,,,,,,,,,,,,
ZD163,21:29,1,,2,,,,,1, ,,,,,,,,,,,,,,4,,,,,,,,,,,,,
ZD106,22:39,13,59,17,1,,,,,, ,,,,,,,,,,,,,90,,,,,,,,,,,,,
ZD058,23:43,7,46,10,2,,2,6,2,1,, ,,,,,,,,,,,,76,,,,,,,,,,,,,
ZD208,01:27,4,72,,4,,1,2,,,,, ,,,,,,,,,,,83,,,,,,,,,,,,,
ZD084,02:27,2,7,2,,5,2,3,,,,,, ,,,,,,,,,,21,,,,,,,,,,,,,
ZD112,03:50,8,4,2,2,1,4,14,12,2,4,7,2,1, ,,,,,,,,,63,,,,,,,,,,,,,
ZD292,04:23,21,7,3,,3,7,9,4,,13,2,,,, ,,,,,,,,69,,,,,,,,,,,,,
ZD233,05:38,8,5,1,,,3,23,7,,10,4,,7,,1, ,,,,,,,69,,,,,,,,,,,,,
ZD111-01,06:34,29,11,7,,,7,101,26,4,9,10,,57,32,12,9, ,,,,,,314,,,,,,,,,,,,,
ZD326,08:08,8,2,7,1,2,8,45,15,4,8,5,,7,5,1,,3, ,,,,,121,,,,,,,,,,,,,
ZD192,08:34,3,,,,3,1,8,1,,2,1,1,1,3,2,3,5,8, ,,,,42,,,,,,,,,,,,,
ZD250,09:05,17,3,6,1,6,13,39,10,4,1,3,,6,9,5,2,4,7,20, ,,,156,,,,,,,,,,,,,
ZD062,09:47,2,,1,,,3,7,1,,,1,,,1,,2,4,4,7,46, ,,79,,,,,,,,,,,,,
ZD190-02,10:36,4,,,,,,2,,,,,,,1,,2,15,9,1,16,13, ,63,,,,,,,,,,,,,
ZD190-01,11:11,8,5,3,,2,11,36,18,2,18,2,,2,4,,3,19,20,18,31,46,3,251,,,,,,,,,,,,,
上车人数合计,,283,320,175,66,28,321,337,97,17,65,35,3,81,55,21,21,50,48,46,93,59,3,2224,,,,,,,,,,,,,
G26 ZD072—ZD190-01 开行 1 天 日均定员： 1005 客座率： 55.8 %,,,,,,,,,,,,,,,,,,,,,,,,,,,,,,,,,,,,,
上车站,,ZD072,ZD352,ZD028,ZD088,ZD316,ZD271,ZD261,ZD164,ZD124,ZD155,ZD081,ZD099,ZD287,ZD308,ZD239,ZD231,ZD111-01,ZD326,ZD250,ZD062,下车人数合计,,,,,,,,,,,,,,,
下车站,开/到点,06:47,08:37,08:06,08:41,09:33,10:41,11:11,12:00,12:42,13:04,14:01,15:47,15:30,16:57,17:11,16:28,16:54,17:42,18:19,18:47,,,,,,,,,,,,,,,,
ZD072,, ,,,,,,,,,,,,,,,,,,,, ,,,,,,,,,,,,,,,
ZD352,08:35,42, ,,,,,,,,,,,,,,,,,,,42,,,,,,,,,,,,,,,
ZD028,08:04,22,5, ,,,,,,,,,,,,,,,,,,27,,,,,,,,,,,,,,,
ZD088,08:39,21,14,40, ,,,,,,,,,,,,,,,,,75,,,,,,,,,,,,,,,
ZD316,09:29,19,23,62,141, ,,,,,,,,,,,,,,,,245,,,,,,,,,,,,,,,
ZD271,10:39,10,,1,,15, ,,,,,,,,,,,,,,,26,,,,,,,,,,,,,,,
ZD261,11:06,12,5,2,13,40,69, ,,,,,,,,,,,,,,141,,,,,,,,,,,,,,,
ZD164,11:58,21,2,2,,7,,16, ,,,,,,,,,,,,,48,,,,,,,,,,,,,,,
ZD124,12:40,4,,,,,,,2,,,,,,,,,,,,,6,,,,,,,,,,,,,,,
ZD155,13:02,26,,,2,11,,9,,14, ,,,,,,,,,,,62,,,,,,,,,,,,,,,
ZD081,13:46,106,2,14,23,51,4,57,8,24,141, ,,,,,,,,,,430,,,,,,,,,,,,,,,
ZD099,15:44,15,,1,1,7,,9,3,,3,19, ,,,,,,,,,58,,,,,,,,,,,,,,,
ZD287,15:28,59,,4,7,12,,25,3,1,5,42,8, ,,,,,,,,166,,,,,,,,,,,,,,,
ZD308,16:55,14,2,1,4,4,,17,,,,8,3,3, ,,,,,,,56,,,,,,,,,,,,,,,
ZD239,17:10,5,,,1,5,,8,,,2,18,1,3,2, ,,,,,,45,,,,,,,,,,,,,,,
ZD231,16:27,10,,,1,4,,6,,,2,8,5,5,8,3, ,,,,,52,,,,,,,,,,,,,,,
ZD111-01,16:52,21,1,2,2,15,,33,1,,5,26,4,11,30,32,28, ,,,,211,,,,,,,,,,,,,,,
ZD326,17:41,8,,,,15,2,23,,,3,14,5,12,25,21,9,25, ,,,162,,,,,,,,,,,,,,,
ZD250,18:18,9,,5,1,3,,13,,,2,7,2,6,17,15,9,22,4, ,,115,,,,,,,,,,,,,,,
ZD062,18:46,2,,,,3,,2,,,1,16,2,3,,,2,19,3,10, ,63,,,,,,,,,,,,,,,
ZD190-01,19:37,9,,1,2,1,,10,1,,5,18,,5,17,17,12,79,10,12,8,207,,,,,,,,,,,,,,,
上车人数合计,,435,54,135,198,193,75,228,18,39,169,176,30,48,99,88,60,145,17,22,8,2237,,,,,,,,,,,,,,,
G28 ZD316—ZD190-01 开行 1 天 日均定员： 960 客座率： 50.1 %,,,,,,,,,,,,,,,,,,,,,,,,,,,,,,,,,,,,,
上车站,,ZD316,ZD306,ZD030,ZD261,ZD089,ZD164,ZD155,ZD081,ZD221,ZD006,ZD287,ZD194,ZD231,ZD111-01,ZD326,ZD192,ZD250,下车人数合计,,,,,,,,,,,,,,,,,,
下车站,开/到点,08:02,08:37,09:01,09:41,10:11,10:31,11:29,12:27,12:51,13:16,13:58,14:49,15:10,15:37,16:21,16:42,17:05,,,,,,,,,,,,,,,,,,,
ZD316,, ,,,,,,,,,,,,,,,,, ,,,,,,,,,,,,,,,,,,
ZD306,08:35,37, ,,,,,,,,,,,,,,,,37,,,,,,,,,,,,,,,,,,
ZD030,08:59,4,5,,,,,,,,,,,,,,,,9,,,,,,,,,,,,,,,,,,
ZD261,09:37,31,8,100, ,,,,,,,,,,,,,,139,,,,,,,,,,,,,,,,,,
ZD089,10:09,1,,1,3, ,,,,,,,,,,,,,5,,,,,,,,,,,,,,,,,,
ZD164,10:29,5,,,16,1, ,,,,,,,,,,,,22,,,,,,,,,,,,,,,,,,
ZD155,11:27,7,5,1,3,,, ,,,,,,,,,,,16,,,,,,,,,,,,,,,,,,
ZD081,12:12,52,14,6,53,3,5,109, ,,,,,,,,,,242,,,,,,,,,,,,,,,,,,
ZD221,12:49,,,,1,,,,26, ,,,,,,,,,27,,,,,,,,,,,,,,,,,,
ZD006,13:12,11,,,13,,1,11,147,14, ,,,,,,,,197,,,,,,,,,,,,,,,,,,
ZD287,13:54,17,14,2,24,,1,11,73,3,7, ,,,,,,,152,,,,,,,,,,,,,,,,,,
ZD194,14:48,2,,,3,,3,2,20,,3,5, ,,,,,,38,,,,,,,,,,,,,,,,,,
ZD231,15:08,5,5,,8,,,,7,,2,9,20, ,,,,,56,,,,,,,,,,,,,,,,,,
ZD111-01,15:34,20,2,1,11,,,,35,,1,17,73,41, ,,,,201,,,,,,,,,,,,,,,,,,
ZD326,16:19,14,3,2,19,,,,13,,1,17,31,10,33, ,,,143,,,,,,,,,,,,,,,,,,
ZD192,16:40,7,3,4,4,,,1,17,,,11,7,14,120,15, ,,203,,,,,,,,,,,,,,,,,,
ZD250,17:03,17,3,,11,,,4,12,,11,23,44,23,24,7,75, ,254,,,,,,,,,,,,,,,,,,
ZD190-01,18:19,6,3,,30,2,1,4,22,,6,25,81,52,35,11,52,24,354,,,,,,,,,,,,,,,,,,
上车人数合计,,236,65,117,199,6,11,142,372,17,31,107,256,140,212,33,127,24,2095,,,,,,,,,,,,,,,,,,
K03 ZD174—ZD190-01 开行 1 天 日均定员： 1316 客座率： 48.9 %,,,,,,,,,,,,,,,,,,,,,,,,,,,,,,,,,,,,,
上车站,,ZD174,ZD154,ZD073,ZD283,ZD195,ZD045,ZD301,ZD186,ZD185,ZD087,ZD157,ZD131,ZD108,ZD278,ZD274,ZD170,ZD135,ZD105,ZD163,ZD058,ZD018,ZD208,ZD043,ZD084,ZD112,ZD292,ZD233,ZD111-01,ZD326,ZD250,ZD190-02,下车人数合计,,,,
下车站,开/到点,13:00,16:42,19:45,20:24,21:32,22:34,23:10,23:36,23:59,01:20,05:30,06:00,08:06,09:06,10:36,11:09,12:38,14:54,15:37,18:13,19:41,20:32,21:24,21:47,23:06,23:59,00:58,02:12,03:22,04:27,06:19,,,,,
ZD174,13:00, ,,,,,,,,,,,,,,,,,,,,,,,,,,,,,,, ,,,,
ZD154,16:21,10, ,,,,,,,,,,,,,,,,,,,,,,,,,,,,,,10,,,,
ZD073,19:30,4,1, ,,,,,,,,,,,,,,,,,,,,,,,,,,,,,5,,,,
ZD283,20:21,1,1,1, ,,,,,,,,,,,,,,,,,,,,,,,,,,,,3,,,,
ZD195,21:28,,,17,1, ,,,,,,,,,,,,,,,,,,,,,,,,,,,18,,,,
ZD045,22:30,,,2,,, ,,,,,,,,,,,,,,,,,,,,,,,,,,2,,,,
ZD301,23:00,1,,1,,,1, ,,,,,,,,,,,,,,,,,,,,,,,,,3,,,,
ZD186,23:33,,,,,,,1, ,,,,,,,,,,,,,,,,,,,,,,,,1,,,,
ZD185,23:55,,,,,,,1,, ,,,,,,,,,,,,,,,,,,,,,,,1,,,,
ZD087,01:03,,,4,,,2,,,2, ,,,,,,,,,,,,,,,,,,,,,,8,,,,
ZD131,05:55,,,,,,,,,,1,1,,,,,,,,,,,,,,,,,,,,,2,,,,
ZD108,07:58,13,5,8,,,,1,,,2,21,30, ,,,,,,,,,,,,,,,,,,,80,,,,
ZD278,09:02,1,1,,,,,,,,,,,17,,,,,,,,,,,,,,,,,,,19,,,,
ZD274,10:16,,,,,,,,,,,,,2,2, ,,,,,,,,,,,,,,,,,4,,,,
ZD170,10:43,16,5,15,,2,4,15,,1,,9,8,71,89,4, ,,,,,,,,,,,,,,,,239,,,,
ZD135,12:30,5,1,,,,,2,,,,,,1,7,,29, ,,,,,,,,,,,,,,,45,,,,
ZD105,14:51,,6,,,,,,,,,,1,1,,,1,5, ,,,,,,,,,,,,,,14,,,,
ZD163,15:34,3,,,,,,,,,,,,,,,5,3,29, ,,,,,,,,,,,,,40,,,,
ZD058,18:04,18,6,3,,,,3,,,1,,,,,,13,9,1,, ,,,,,,,,,,,,54,,,,
ZD018,19:38,10,3,,,,,,2,,1,,,,,,5,5,6,9,37, ,,,,,,,,,,,78,,,,
ZD208,20:28,5,,5,2,,,4,2,,,,,,,1,2,8,2,1,8,, ,,,,,,,,,,40,,,,
ZD043,21:21,,,,,,,,,,,,,,,,,,,,1,,, ,,,,,,,,,1,,,,
ZD084,21:41,10,5,1,,,,,,,,,,,,,4,2,,3,12,10,6,, ,,,,,,,,53,,,,
ZD112,23:04,25,5,6,,,,4,,,1,,,,,,6,5,1,,5,4,17,,6, ,,,,,,,85,,,,
ZD292,23:36,29,8,5,,1,1,,,,,,,,1,,1,1,,1,4,9,5,,2,2, ,,,,,,70,,,,
ZD233,00:56,48,4,5,,,,,,,,,,1,,,2,1,,,5,5,5,,18,3,, ,,,,,97,,,,
ZD111-01,01:51,89,10,13,1,,,,,,2,,,1,,,2,,,1,5,2,3,7,48,28,2,20, ,,,,234,,,,
ZD326,03:18,59,2,12,,1,,,,,,,,1,,,3,,,,3,1,6,2,19,14,1,,1, ,,,125,,,,
ZD250,04:23,62,4,11,1,,,1,,,1,,,,1,,5,,,,4,6,11,2,43,56,3,,3,1, ,,215,,,,
ZD190-02,06:06,,,,,,,,,,,,,,,,2,,,,,,1,2,7,4,2,,6,2,4, ,30,,,,
ZD190-01,06:44,30,4,19,,,,3,,,2,,,2,,,4,5,,1,9,12,28,3,64,51,6,4,17,,6,3,273,,,,
上车人数合计,,439,71,128,5,4,8,35,4,3,11,31,39,97,100,5,84,44,39,16,93,49,82,16,207,158,14,24,27,3,10,3,1849,,,,
K07 ZD029—ZD190-01 开行 1 天 日均定员： 1332 客座率： 61.7 %,,,,,,,,,,,,,,,,,,,,,,,,,,,,,,,,,,,,,
上车站,,ZD029,ZD038,ZD166,ZD118,ZD069,ZD294,ZD079,ZD001,ZD005,ZD216,ZD260,ZD067,ZD273,ZD041,ZD177,ZD180,ZD198,ZD320,ZD137,ZD207,ZD286,ZD238,ZD292,ZD233,ZD111-01,ZD326,ZD250,ZD062,ZD190-02,下车人数合计,,,,,,
下车站,开/到点,17:35,18:26,19:11,19:57,22:52,00:25,02:24,05:59,07:57,09:01,09:23,10:20,11:56,13:03,13:55,15:34,16:16,19:15,20:06,21:31,23:33,00:56,01:39,03:36,04:39,05:47,06:44,07:30,08:25,,,,,,,
ZD029,17:35, ,,,,,,,,,,,,,,,,,,,,,,,,,,,,, ,,,,,,
ZD038,18:21,122, ,,,,,,,,,,,,,,,,,,,,,,,,,,,,122,,,,,,
ZD166,19:06,262,33, ,,,,,,,,,,,,,,,,,,,,,,,,,,,295,,,,,,
ZD118,19:52,56,3,9, ,,,,,,,,,,,,,,,,,,,,,,,,,,68,,,,,,
ZD069,22:33,39,2,8,2, ,,,,,,,,,,,,,,,,,,,,,,,,,51,,,,,,
ZD294,00:23,2,,,,, ,,,,,,,,,,,,,,,,,,,,,,,,2,,,,,,
ZD079,02:21,15,1,8,,2,1, ,,,,,,,,,,,,,,,,,,,,,,,27,,,,,,
ZD001,05:37,4,6,,1,5,3,, ,,,,,,,,,,,,,,,,,,,,,,19,,,,,,
ZD005,07:41,,,,,,,1,35, ,,,,,,,,,,,,,,,,,,,,,36,,,,,,
ZD216,08:57,3,2,1,,,,,1,28, ,,,,,,,,,,,,,,,,,,,,35,,,,,,
ZD067,10:15,2,,,,,,,,1,3,2, ,,,,,,,,,,,,,,,,,,8,,,,,,
ZD273,11:31,7,1,2,,1,1,,1,5,4,,21, ,,,,,,,,,,,,,,,,,43,,,,,,
ZD041,12:59,2,,4,,,,,,2,,,,5, ,,,,,,,,,,,,,,,,13,,,,,,
ZD177,13:47,13,3,2,,3,,,,1,,1,2,6,3, ,,,,,,,,,,,,,,,34,,,,,,
ZD180,15:29,16,2,1,,1,,,,,,,4,1,2,6, ,,,,,,,,,,,,,,33,,,,,,
ZD198,16:11,2,,1,,,,,,,,,,3,,10,, ,,,,,,,,,,,,,16,,,,,,
ZD320,18:56,3,,1,,,,,,,5,,1,16,23,37,5,21, ,,,,,,,,,,,,112,,,,,,
ZD137,20:04,10,,,,2,,,,,2,,,7,,14,2,1,88, ,,,,,,,,,,,126,,,,,,
ZD207,21:29,18,,3,,2,,4,,,,,1,2,2,20,6,4,46,6, ,,,,,,,,,,114,,,,,,
ZD286,23:14,37,,,2,1,,,,,,,3,6,,13,4,9,33,4,3, ,,,,,,,,,115,,,,,,
ZD238,00:48,13,,3,,2,,2,,,,,,1,,7,,1,5,1,1,5, ,,,,,,,,41,,,,,,
ZD292,01:37,9,1,5,2,4,,1,,,3,,,1,,2,,,1,1,2,1,, ,,,,,,,33,,,,,,
ZD233,03:34,45,1,3,,6,,,,,,,,3,,5,3,2,2,,,1,,2, ,,,,,,73,,,,,,
ZD111-01,04:33,62,3,18,5,1,1,1,1,,3,,2,3,4,16,4,1,17,2,7,5,1,,4, ,,,,,161,,,,,,
ZD326,05:45,50,5,12,,3,,,1,,5,,1,4,3,24,13,4,14,7,10,22,,1,1,17, ,,,,197,,,,,,
ZD250,06:42,123,4,15,1,4,,4,3,,7,,1,6,,9,7,,29,1,6,12,4,1,3,11,8, ,,,259,,,,,,
ZD062,07:28,18,,1,,,,,,,,,,,,,1,,8,6,2,1,,,,1,2,23, ,,63,,,,,,
ZD190-02,08:20,,,,,,,,,,,,,1,,2,2,,5,,1,1,,,,6,3,9,10, ,40,,,,,,
ZD190-01,08:50,79,,4,2,10,,9,5,1,8,,,6,9,15,10,3,33,4,12,10,1,,1,10,9,46,61,3,351,,,,,,
上车人数合计,,1012,67,101,15,47,6,22,47,38,40,3,36,71,46,180,57,46,281,32,44,58,6,4,9,45,22,78,71,3,2487,,,,,,
K01 ZD142—ZD190-01 开行 1 天 日均定员： 1041 客座率： 73.1 %,,,,,,,,,,,,,,,,,,,,,,,,,,,,,,,,,,,,,
上车站,,ZD142,ZD044,ZD158,ZD262,ZD059,ZD243,ZD009,ZD272,ZD266,ZD251,ZD096,ZD151,ZD201,ZD200,ZD160,ZD320,ZD137,ZD141,ZD207,ZD303,ZD269,ZD035,ZD286,ZD309,ZD238,ZD292,ZD233,ZD111-01,ZD326,ZD250,ZD062,ZD370,下车人数合计,,,
下车站,开/到点,23:39,01:00,01:55,02:22,02:56,04:15,06:56,08:29,09:13,10:00,11:13,12:36,13:32,14:06,15:50,18:13,18:59,19:30,20:35,21:01,21:27,21:51,23:14,00:09,00:35,01:25,02:25,03:36,04:44,05:46,06:32,07:25,,,,
ZD142,23:39, ,,,,,,,,,,,,,,,,,,,,,,,,,,,,,,,, ,,,
ZD044,00:58,6, ,,,,,,,,,,,,,,,,,,,,,,,,,,,,,,,6,,,
ZD158,01:53,2,, ,,,,,,,,,,,,,,,,,,,,,,,,,,,,,,2,,,
ZD262,02:20,5,,1, ,,,,,,,,,,,,,,,,,,,,,,,,,,,,,6,,,
ZD059,02:54,3,,,, ,,,,,,,,,,,,,,,,,,,,,,,,,,,,3,,,
ZD243,04:10,17,,,1,, ,,,,,,,,,,,,,,,,,,,,,,,,,,,18,,,
ZD009,06:50,41,2,,,,2, ,,,,,,,,,,,,,,,,,,,,,,,,,,45,,,
ZD272,08:26,48,2,,2,1,1,3, ,,,,,,,,,,,,,,,,,,,,,,,,,57,,,
ZD266,08:58,266,4,,3,5,3,28,8, ,,,,,,,,,,,,,,,,,,,,,,,,317,,,
ZD251,09:57,13,,,,2,7,1,4,24, ,,,,,,,,,,,,,,,,,,,,,,,51,,,
ZD096,11:11,2,,,,,,,,2,1, ,,,,,,,,,,,,,,,,,,,,,,5,,,
ZD151,12:33,12,,,,,1,,,2,2,, ,,,,,,,,,,,,,,,,,,,,,17,,,
ZD201,13:02,,,,,,,,,1,1,,1, ,,,,,,,,,,,,,,,,,,,,3,,,
ZD200,13:53,2,,,,,,,,,,,1,, ,,,,,,,,,,,,,,,,,,,3,,,
ZD160,15:47,11,,,,,,2,1,5,1,2,4,3,6, ,,,,,,,,,,,,,,,,,,35,,,
ZD320,17:54,18,,,,,1,,,5,,,10,18,19,37, ,,,,,,,,,,,,,,,,,108,,,
ZD137,18:57,4,,,,,,,,8,1,,9,2,7,17,71, ,,,,,,,,,,,,,,,,119,,,
ZD141,19:24,1,,2,,,,,,5,1,,1,,2,,40,23, ,,,,,,,,,,,,,,,75,,,
ZD207,20:30,6,,,,,,,1,8,,1,2,,2,,79,11,4, ,,,,,,,,,,,,,,114,,,
ZD303,20:56,3,,,,,,,,,,,1,,1,4,92,14,2,2, ,,,,,,,,,,,,,119,,,
ZD269,21:14,1,,,,,,,1,4,2,,,,,2,43,,3,5,1, ,,,,,,,,,,,,62,,,
ZD035,21:47,,,,,,,,,1,,,,,,,7,1,1,2,1,, ,,,,,,,,,,,13,,,
ZD286,22:55,3,,,1,,,,,1,,,,,,,12,,,,1,12,8, ,,,,,,,,,,38,,,
ZD309,00:06,5,,,,,,,1,1,,1,1,2,9,,8,2,,,1,,,9, ,,,,,,,,,40,,,
ZD238,00:31,10,,,1,,,,1,4,4,,,,2,8,10,1,,1,,,1,7,9, ,,,,,,,,59,,,
ZD292,01:16,26,6,8,,,2,,,2,,,,,2,1,,,1,2,,1,,2,,, ,,,,,,,53,,,
ZD233,02:22,28,,,,,,2,1,3,1,,1,,1,1,2,,,2,,,,,,,, ,,,,,,42,,,
ZD111-01,03:23,78,,4,,1,4,,1,1,4,,4,,3,3,12,,1,2,,2,1,3,3,1,,2, ,,,,,130,,,
ZD326,04:42,30,,6,3,,4,,1,4,3,2,,,4,4,13,8,3,15,1,5,2,7,1,,,1,5, ,,,,122,,,
ZD250,05:44,58,,1,,1,8,2,1,4,2,,5,,7,11,13,2,7,13,,1,4,12,5,6,4,1,11,5, ,,,184,,,
ZD062,06:30,1,,,1,,,,,9,,,1,,,2,5,4,1,2,1,,,1,,3,1,,3,,10, ,,45,,,
ZD370,07:16,,,,,,,,,,2,,,1,,4,10,,1,8,,,,2,4,8,,13,33,13,11,1, ,111,,,
ZD190-01,07:50,76,4,1,,1,13,3,1,7,2,,1,,14,21,41,6,5,20,,,5,2,4,8,5,3,10,4,16,45,430,748,,,
上车人数合计,,776,18,23,12,11,46,41,22,101,27,6,42,26,79,115,458,72,29,74,6,21,21,45,26,26,10,20,62,22,37,46,430,2750,,,
K06 ZD299—ZD190-01 开行 1 天 日均定员： 1246 客座率： 61.0 %,,,,,,,,,,,,,,,,,,,,,,,,,,,,,,,,,,,,,
上车站,,ZD299,ZD152,ZD042,ZD133,ZD327,ZD226,ZD257,ZD162,ZD051,ZD252,ZD119,ZD230,ZD218,ZD063,ZD128,ZD277,ZD086,ZD039,ZD182,ZD293,ZD111-02,ZD326,ZD250,ZD120,ZD143,下车人数合计,,,,,,,,,,
下车站,开/到点,18:29,19:11,20:47,21:56,23:12,23:35,00:20,01:02,02:03,02:20,02:35,04:18,06:23,06:55,07:12,07:29,08:08,09:01,09:28,10:48,11:36,12:52,14:08,15:26,15:46,,,,,,,,,,,
ZD299,18:29, ,,,,,,,,,,,,,,,,,,,,,,,,, ,,,,,,,,,,
ZD152,19:07,2, ,,,,,,,,,,,,,,,,,,,,,,,,2,,,,,,,,,,
ZD042,20:45,12,, ,,,,,,,,,,,,,,,,,,,,,,,12,,,,,,,,,,
ZD133,21:53,17,1,4, ,,,,,,,,,,,,,,,,,,,,,,22,,,,,,,,,,
ZD327,23:08,6,,,, ,,,,,,,,,,,,,,,,,,,,,6,,,,,,,,,,
ZD226,23:31,7,,3,10,, ,,,,,,,,,,,,,,,,,,,,20,,,,,,,,,,
ZD257,00:16,,,1,,,2, ,,,,,,,,,,,,,,,,,,,3,,,,,,,,,,
ZD162,00:56,3,2,,,,3,11, ,,,,,,,,,,,,,,,,,,19,,,,,,,,,,
ZD051,01:59,10,2,,,,,,4, ,,,,,,,,,,,,,,,,,16,,,,,,,,,,
ZD252,02:16,2,,,,,,,,, ,,,,,,,,,,,,,,,,2,,,,,,,,,,
ZD119,02:32,,,,,,,,1,,, ,,,,,,,,,,,,,,,1,,,,,,,,,,
ZD230,03:37,44,3,1,,2,4,,26,1,3,5, ,,,,,,,,,,,,,,89,,,,,,,,,,
ZD218,06:17,110,21,12,7,2,4,,8,,3,,1, ,,,,,,,,,,,,,168,,,,,,,,,,
ZD063,06:52,2,,,,,,,,,,,,2, ,,,,,,,,,,,,4,,,,,,,,,,
ZD128,07:09,1,,,,,,,,,,,,12,, ,,,,,,,,,,,13,,,,,,,,,,
ZD277,07:27,6,,1,,,,,,,,,6,18,2,, ,,,,,,,,,,33,,,,,,,,,,
ZD086,07:58,76,4,5,4,,2,,1,,,,7,45,13,3,8, ,,,,,,,,,168,,,,,,,,,,
ZD039,08:58,59,16,3,2,,5,,,,,,8,32,2,5,5,25, ,,,,,,,,162,,,,,,,,,,
ZD182,09:24,1,,,,,,,,,1,,1,2,1,1,,,, ,,,,,,,7,,,,,,,,,,
ZD293,10:43,,,,,,,,,,,,,,,,,,2,, ,,,,,,2,,,,,,,,,,
ZD111-02,11:28,188,27,3,4,,20,1,4,,,,14,12,3,1,8,5,10,2,, ,,,,,302,,,,,,,,,,
ZD326,12:45,41,2,6,3,,13,,4,,1,,7,26,,5,2,4,14,5,2,23, ,,,,158,,,,,,,,,,
ZD250,13:52,61,6,,,,7,,3,1,,,1,8,2,4,5,6,19,7,,39,13, ,,,182,,,,,,,,,,
ZD120,15:23,3,,3,,,2,,1,,,,1,2,,1,,2,10,,,33,22,49, ,,129,,,,,,,,,,
ZD143,15:44,2,1,,,,,,,,,,,3,,,,5,2,,,23,1,13,5, ,55,,,,,,,,,,
ZD190-01,16:37,42,1,4,,1,3,,3,,,,,34,3,3,3,14,25,8,,77,31,30,30,60,372,,,,,,,,,,
上车人数合计,,695,86,46,30,5,65,12,55,2,8,5,46,196,26,23,31,61,82,22,2,195,67,92,35,60,1947,,,,,,,,,,
Z02 ZD267—ZD190-01 开行 1 天 日均定员： 1194 客座率： 57.0 %,,,,,,,,,,,,,,,,,,,,,,,,,,,,,,,,,,,,,
上车站,,ZD267,ZD076,ZD142,ZD044,ZD158,ZD243,ZD009,ZD266,ZD160,ZD320,ZD137,ZD207,ZD035,ZD286,ZD309,ZD292,ZD233,ZD111-01,ZD326,ZD250,下车人数合计,,,,,,,,,,,,,,,
下车站,开/到点,22:40,23:50,01:33,03:00,03:57,06:08,08:48,10:29,15:06,16:53,17:36,18:50,19:37,20:50,21:44,22:33,23:39,00:57,02:05,03:04,,,,,,,,,,,,,,,,
ZD267,22:40, ,,,,,,,,,,,,,,,,,,,, ,,,,,,,,,,,,,,,
ZD076,23:48,6, ,,,,,,,,,,,,,,,,,,,6,,,,,,,,,,,,,,,
ZD142,01:10,16,1, ,,,,,,,,,,,,,,,,,,17,,,,,,,,,,,,,,,
ZD044,02:55,,,2, ,,,,,,,,,,,,,,,,,2,,,,,,,,,,,,,,,
ZD158,03:52,3,,1,, ,,,,,,,,,,,,,,,,4,,,,,,,,,,,,,,,
ZD243,05:58,35,6,21,,, ,,,,,,,,,,,,,,,62,,,,,,,,,,,,,,,
ZD009,08:40,5,,3,,,19, ,,,,,,,,,,,,,,27,,,,,,,,,,,,,,,
ZD266,10:17,44,,14,2,3,48,150, ,,,,,,,,,,,,,261,,,,,,,,,,,,,,,
ZD160,15:03,6,2,1,,,,1,18, ,,,,,,,,,,,,28,,,,,,,,,,,,,,,
ZD320,16:44,39,,8,,,1,4,40,107, ,,,,,,,,,,,199,,,,,,,,,,,,,,,
ZD137,17:32,22,1,,,,,1,12,53,100, ,,,,,,,,,,189,,,,,,,,,,,,,,,
ZD207,18:45,25,4,,,,,2,2,33,136,32, ,,,,,,,,,234,,,,,,,,,,,,,,,
ZD035,19:28,12,,1,,,,,2,6,19,1,2, ,,,,,,,,43,,,,,,,,,,,,,,,
ZD286,20:35,34,,1,,,1,,4,23,40,22,6,3, ,,,,,,,134,,,,,,,,,,,,,,,
ZD309,21:41,33,2,4,,,,,7,6,13,,12,3,30, ,,,,,,110,,,,,,,,,,,,,,,
ZD292,22:31,37,,11,,,,,5,1,8,1,9,1,10,7, ,,,,,90,,,,,,,,,,,,,,,
ZD233,23:34,21,3,9,,1,1,,4,6,6,1,11,5,,1,2, ,,,,71,,,,,,,,,,,,,,,
ZD111-01,00:31,62,,13,1,3,6,2,12,24,32,3,7,6,1,10,3,5, ,,,190,,,,,,,,,,,,,,,
ZD326,02:03,20,,2,1,,11,1,6,8,2,4,3,2,7,3,8,6,45, ,,129,,,,,,,,,,,,,,,
ZD250,03:00,44,1,3,1,,2,4,7,2,8,1,4,1,4,,9,2,57,6, ,156,,,,,,,,,,,,,,,
ZD190-01,04:56,63,5,10,1,2,5,4,9,10,25,11,7,5,11,12,29,26,61,9,7,312,,,,,,,,,,,,,,,
上车人数合计,,527,25,104,6,9,94,169,128,279,389,76,61,26,63,33,51,39,163,15,7,2264,,,,,,,,,,,,,,,
数据源 客票席位汇总数据  ,- 1 -,2016-3-18 14:03,,,,,,,,,,,,,,,,,,,,,,,,,,,,,,,,,,,